year,city,region_comunidad,city_tier,population_approx,avg_salary_gross_eur_monthly,median_salary_gross_eur_monthly,net_salary_eur_monthly,national_avg_gross_eur_monthly,national_avg_gross_eur_annual,national_smi_monthly_eur,salary_to_national_ratio,cpi_annual_pct,cost_of_living_index,rent_1br_city_center_eur,rent_1br_outside_center_eur,meal_cheap_restaurant_eur,groceries_monthly_eur,public_transport_monthly_eur,est_monthly_cost_single_eur,affordability_ratio,rent_to_income_pct,data_source
2010,Madrid,Madrid,capital,3300000,2192,1688,1600,1899,22790,738,1.154,2.0,95.3,1266,963,11,325,43,1627,0.98,43.9,numbeo
2011,Madrid,Madrid,capital,3300000,2123,1635,1550,1908,22899,748,1.113,3.0,96.2,1271,991,11,317,42,1648,0.94,46.7,numbeo
2012,Madrid,Madrid,capital,3300000,2198,1692,1605,1894,22726,748,1.161,2.4,96.6,1328,1054,12,324,45,1743,0.92,48.0,numbeo
2013,Madrid,Madrid,capital,3300000,2223,1712,1623,1905,22858,752,1.167,1.5,96.6,1339,1109,11,331,43,1785,0.91,49.9,numbeo
2014,Madrid,Madrid,capital,3300000,2251,1733,1643,1905,22858,753,1.182,-0.2,97.3,1426,1082,11,355,44,1782,0.92,48.1,numbeo
2015,Madrid,Madrid,capital,3300000,2235,1721,1632,1926,23106,757,1.16,-0.5,97.9,1393,1091,11,346,43,1781,0.92,48.8,numbeo
2016,Madrid,Madrid,capital,3300000,2194,1689,1602,1930,23156,764,1.137,-0.3,97.4,1315,1022,11,333,45,1701,0.94,46.6,numbeo
2017,Madrid,Madrid,capital,3300000,2268,1746,1656,1971,23647,826,1.151,2.0,97.8,1359,1046,12,350,46,1764,0.94,46.1,numbeo
2018,Madrid,Madrid,capital,3300000,2276,1753,1661,2001,24009,859,1.137,1.7,98.6,1376,1076,12,356,46,1802,0.92,47.3,numbeo
2019,Madrid,Madrid,capital,3300000,2403,1850,1754,2033,24395,1050,1.182,0.7,99.1,1474,1067,11,349,46,1766,0.99,44.4,numbeo
2020,Madrid,Madrid,capital,3300000,2329,1793,1700,2033,24395,1108,1.146,-0.3,99.5,1483,1073,12,350,48,1795,0.95,46.1,numbeo
2021,Madrid,Madrid,capital,3300000,2451,1887,1789,2097,25165,1108,1.169,3.1,98.8,1437,1134,12,367,49,1877,0.95,46.3,numbeo
2022,Madrid,Madrid,capital,3300000,2532,1950,1848,2171,26049,1167,1.166,8.4,99.0,1677,1223,13,380,50,2007,0.92,48.3,numbeo
2023,Madrid,Madrid,capital,3300000,2777,2138,2027,2338,28050,1260,1.188,3.5,100,1641,1209,13,425,54,2045,0.99,43.5,numbeo
2024,Madrid,Madrid,capital,3300000,3047,2346,2224,2500,30000,1323,1.219,2.8,100,1617,1329,14,421,54,2184,1.02,43.6,numbeo
2010,Barcelona,Cataluña,city_large,1600000,2038,1569,1488,1899,22790,738,1.073,2.0,87.8,833,645,10,290,34,1245,1.2,31.6,numbeo
2011,Barcelona,Cataluña,city_large,1600000,2033,1565,1484,1908,22899,748,1.066,3.0,88.1,899,692,9,294,36,1280,1.16,34.0,numbeo
2012,Barcelona,Cataluña,city_large,1600000,1974,1520,1441,1894,22726,748,1.042,2.4,89.2,887,702,10,285,36,1303,1.11,35.6,numbeo
2013,Barcelona,Cataluña,city_large,1600000,1971,1518,1439,1905,22858,752,1.035,1.5,89.7,931,716,10,291,38,1327,1.08,36.3,numbeo
2014,Barcelona,Cataluña,city_large,1600000,2109,1624,1540,1905,22858,753,1.107,-0.2,88.8,894,662,10,308,36,1287,1.2,31.4,numbeo
2015,Barcelona,Cataluña,city_large,1600000,2069,1593,1510,1926,23106,757,1.074,-0.5,89.7,870,714,10,293,37,1325,1.14,34.5,numbeo
2016,Barcelona,Cataluña,city_large,1600000,2115,1629,1544,1930,23156,764,1.096,-0.3,89.5,872,720,10,297,36,1334,1.16,34.0,numbeo
2017,Barcelona,Cataluña,city_large,1600000,2075,1598,1515,1971,23647,826,1.053,2.0,89.8,891,706,10,298,36,1322,1.15,34.0,numbeo
2018,Barcelona,Cataluña,city_large,1600000,2189,1686,1598,2001,24009,859,1.094,1.7,90.0,959,738,10,303,38,1363,1.17,33.7,numbeo
2019,Barcelona,Cataluña,city_large,1600000,2165,1667,1580,2033,24395,1050,1.065,0.7,90.2,968,722,10,319,39,1364,1.16,33.3,numbeo
2020,Barcelona,Cataluña,city_large,1600000,2167,1669,1582,2033,24395,1108,1.066,-0.3,90.4,919,709,10,317,38,1348,1.17,32.7,numbeo
2021,Barcelona,Cataluña,city_large,1600000,2368,1823,1729,2097,25165,1108,1.129,3.1,90.6,944,725,11,314,38,1384,1.25,30.6,numbeo
2022,Barcelona,Cataluña,city_large,1600000,2368,1823,1729,2171,26049,1167,1.091,8.4,91.4,1011,779,12,346,44,1503,1.15,32.9,numbeo
2023,Barcelona,Cataluña,city_large,1600000,2575,1983,1880,2338,28050,1260,1.101,3.5,91.1,1123,855,12,372,45,1609,1.17,33.2,numbeo
2024,Barcelona,Cataluña,city_large,1600000,2686,2068,1961,2500,30000,1323,1.074,2.8,92.0,1069,842,11,366,47,1575,1.25,31.3,numbeo
2010,Valencia,Comunidad Valenciana,city_large,800000,1719,1324,1255,1899,22790,738,0.905,2.0,71.4,834,643,10,293,34,1246,1.01,37.4,numbeo
2011,Valencia,Comunidad Valenciana,city_large,800000,1785,1374,1303,1908,22899,748,0.936,3.0,70.8,846,698,9,291,36,1283,1.02,39.1,numbeo
2012,Valencia,Comunidad Valenciana,city_large,800000,1694,1304,1237,1894,22726,748,0.894,2.4,71.6,884,707,9,308,35,1310,0.94,41.7,numbeo
2013,Valencia,Comunidad Valenciana,city_large,800000,1722,1326,1257,1905,22858,752,0.904,1.5,71.8,913,675,9,311,36,1284,0.98,39.2,numbeo
2014,Valencia,Comunidad Valenciana,city_large,800000,1775,1367,1296,1905,22858,753,0.932,-0.2,72.1,888,698,10,312,36,1327,0.98,39.3,numbeo
2015,Valencia,Comunidad Valenciana,city_large,800000,1813,1396,1323,1926,23106,757,0.941,-0.5,71.7,882,700,10,295,37,1313,1.01,38.6,numbeo
2016,Valencia,Comunidad Valenciana,city_large,800000,1739,1339,1269,1930,23156,764,0.901,-0.3,72.3,933,720,9,292,36,1309,0.97,41.4,numbeo
2017,Valencia,Comunidad Valenciana,city_large,800000,1889,1455,1379,1971,23647,826,0.958,2.0,73.1,940,691,10,313,38,1324,1.04,36.6,numbeo
2018,Valencia,Comunidad Valenciana,city_large,800000,1879,1447,1372,2001,24009,859,0.939,1.7,73.4,936,677,10,305,38,1304,1.05,36.0,numbeo
2019,Valencia,Comunidad Valenciana,city_large,800000,1955,1505,1427,2033,24395,1050,0.962,0.7,72.4,892,689,10,306,38,1317,1.08,35.2,numbeo
2020,Valencia,Comunidad Valenciana,city_large,800000,1928,1485,1407,2033,24395,1108,0.948,-0.3,72.7,937,698,10,321,39,1342,1.05,36.2,numbeo
2021,Valencia,Comunidad Valenciana,city_large,800000,1906,1468,1391,2097,25165,1108,0.909,3.1,73.3,932,700,11,324,38,1369,1.02,36.7,numbeo
2022,Valencia,Comunidad Valenciana,city_large,800000,2069,1593,1510,2171,26049,1167,0.953,8.4,73.6,1026,760,11,358,44,1476,1.02,36.7,numbeo
2023,Valencia,Comunidad Valenciana,city_large,800000,2201,1695,1607,2338,28050,1260,0.941,3.5,74.3,1079,798,11,354,45,1514,1.06,36.3,numbeo
2024,Valencia,Comunidad Valenciana,city_large,800000,2399,1847,1751,2500,30000,1323,0.96,2.8,74.5,1144,825,12,358,46,1569,1.12,34.4,numbeo
2010,Sevilla,Andalucía,city_large,690000,1676,1291,1223,1899,22790,738,0.883,2.0,65.1,848,625,10,290,36,1227,1.0,37.3,numbeo
2011,Sevilla,Andalucía,city_large,690000,1679,1293,1226,1908,22899,748,0.88,3.0,66.0,822,683,9,300,36,1277,0.96,40.7,numbeo
2012,Sevilla,Andalucía,city_large,690000,1675,1290,1223,1894,22726,748,0.884,2.4,66.1,863,703,9,306,37,1306,0.94,42.0,numbeo
2013,Sevilla,Andalucía,city_large,690000,1614,1243,1178,1905,22858,752,0.847,1.5,66.3,894,680,10,295,35,1292,0.91,42.1,numbeo
2014,Sevilla,Andalucía,city_large,690000,1613,1242,1177,1905,22858,753,0.847,-0.2,65.8,928,724,10,305,36,1346,0.87,44.9,numbeo
2015,Sevilla,Andalucía,city_large,690000,1726,1329,1260,1926,23106,757,0.896,-0.5,66.3,930,662,10,292,38,1273,0.99,38.4,numbeo
2016,Sevilla,Andalucía,city_large,690000,1648,1269,1203,1930,23156,764,0.854,-0.3,65.9,882,702,10,301,36,1320,0.91,42.6,numbeo
2017,Sevilla,Andalucía,city_large,690000,1701,1310,1242,1971,23647,826,0.863,2.0,66.7,884,715,9,315,37,1329,0.93,42.0,numbeo
2018,Sevilla,Andalucía,city_large,690000,1770,1363,1292,2001,24009,859,0.885,1.7,67.2,937,702,10,314,37,1337,0.97,39.7,numbeo
2019,Sevilla,Andalucía,city_large,690000,1751,1348,1278,2033,24395,1050,0.861,0.7,67.5,948,703,10,310,38,1335,0.96,40.1,numbeo
2020,Sevilla,Andalucía,city_large,690000,1752,1349,1279,2033,24395,1108,0.862,-0.3,66.7,918,746,10,321,38,1389,0.92,42.6,numbeo
2021,Sevilla,Andalucía,city_large,690000,1811,1394,1322,2097,25165,1108,0.864,3.1,67.5,906,721,10,323,39,1370,0.96,39.8,numbeo
2022,Sevilla,Andalucía,city_large,690000,1899,1462,1386,2171,26049,1167,0.875,8.4,67.5,1004,797,12,356,41,1528,0.91,42.0,numbeo
2023,Sevilla,Andalucía,city_large,690000,1994,1535,1456,2338,28050,1260,0.853,3.5,67.8,1084,813,12,367,44,1561,0.93,40.8,numbeo
2024,Sevilla,Andalucía,city_large,690000,2158,1662,1575,2500,30000,1323,0.863,2.8,67.6,1048,828,12,380,43,1591,0.99,38.4,numbeo
2010,Zaragoza,Aragón,city_large,680000,1666,1283,1216,1899,22790,738,0.877,2.0,64.5,812,660,9,276,35,1227,0.99,39.6,numbeo
2011,Zaragoza,Aragón,city_large,680000,1628,1254,1188,1908,22899,748,0.853,3.0,64.9,887,641,9,283,37,1219,0.97,39.4,numbeo
2012,Zaragoza,Aragón,city_large,680000,1679,1293,1226,1894,22726,748,0.886,2.4,64.1,862,707,10,304,37,1328,0.92,42.1,numbeo
2013,Zaragoza,Aragón,city_large,680000,1746,1344,1275,1905,22858,752,0.917,1.5,65.0,938,720,10,307,37,1346,0.95,41.2,numbeo
2014,Zaragoza,Aragón,city_large,680000,1730,1332,1263,1905,22858,753,0.908,-0.2,65.2,931,709,10,295,36,1321,0.96,41.0,numbeo
2015,Zaragoza,Aragón,city_large,680000,1728,1331,1261,1926,23106,757,0.897,-0.5,65.6,893,697,9,290,36,1284,0.98,40.3,numbeo
2016,Zaragoza,Aragón,city_large,680000,1690,1301,1234,1930,23156,764,0.876,-0.3,65.2,892,662,9,303,37,1263,0.98,39.2,numbeo
2017,Zaragoza,Aragón,city_large,680000,1703,1311,1243,1971,23647,826,0.864,2.0,65.5,910,694,10,303,38,1317,0.94,40.8,numbeo
2018,Zaragoza,Aragón,city_large,680000,1797,1384,1312,2001,24009,859,0.898,1.7,66.1,954,731,10,298,37,1350,0.97,40.7,numbeo
2019,Zaragoza,Aragón,city_large,680000,1849,1424,1350,2033,24395,1050,0.909,0.7,66.5,970,711,10,313,38,1346,1.0,38.5,numbeo
2020,Zaragoza,Aragón,city_large,680000,1784,1374,1302,2033,24395,1108,0.878,-0.3,65.8,919,681,10,316,38,1319,0.99,38.2,numbeo
2021,Zaragoza,Aragón,city_large,680000,1835,1413,1340,2097,25165,1108,0.875,3.1,66.4,918,746,10,318,39,1390,0.96,40.7,numbeo
2022,Zaragoza,Aragón,city_large,680000,1884,1451,1375,2171,26049,1167,0.868,8.4,66.8,996,796,11,344,41,1495,0.92,42.3,numbeo
2023,Zaragoza,Aragón,city_large,680000,2076,1599,1515,2338,28050,1260,0.888,3.5,67.2,1057,848,12,353,42,1580,0.96,40.8,numbeo
2024,Zaragoza,Aragón,city_large,680000,2174,1674,1587,2500,30000,1323,0.87,2.8,67.1,1155,837,12,378,46,1601,0.99,38.5,numbeo
2010,Málaga,Andalucía,city_large,580000,1661,1279,1213,1899,22790,738,0.875,2.0,67.8,813,617,9,273,35,1181,1.03,37.1,numbeo
2011,Málaga,Andalucía,city_large,580000,1650,1270,1204,1908,22899,748,0.865,3.0,67.0,880,685,9,293,36,1272,0.95,41.5,numbeo
2012,Málaga,Andalucía,city_large,580000,1589,1224,1160,1894,22726,748,0.839,2.4,68.0,925,656,9,293,37,1246,0.93,41.3,numbeo
2013,Málaga,Andalucía,city_large,580000,1699,1308,1240,1905,22858,752,0.892,1.5,67.7,916,664,10,305,36,1287,0.96,39.1,numbeo
2014,Málaga,Andalucía,city_large,580000,1680,1294,1226,1905,22858,753,0.882,-0.2,68.5,904,666,10,308,36,1291,0.95,39.6,numbeo
2015,Málaga,Andalucía,city_large,580000,1661,1279,1213,1926,23106,757,0.862,-0.5,68.0,891,677,10,307,35,1300,0.93,40.8,numbeo
2016,Málaga,Andalucía,city_large,580000,1730,1332,1263,1930,23156,764,0.896,-0.3,68.6,917,701,10,304,38,1324,0.95,40.5,numbeo
2017,Málaga,Andalucía,city_large,580000,1687,1299,1232,1971,23647,826,0.856,2.0,69.0,909,699,10,310,36,1327,0.93,41.4,numbeo
2018,Málaga,Andalucía,city_large,580000,1786,1375,1304,2001,24009,859,0.893,1.7,69.3,883,739,10,309,38,1370,0.95,41.4,numbeo
2019,Málaga,Andalucía,city_large,580000,1759,1354,1284,2033,24395,1050,0.865,0.7,68.3,960,694,10,320,37,1335,0.96,39.5,numbeo
2020,Málaga,Andalucía,city_large,580000,1824,1404,1332,2033,24395,1108,0.897,-0.3,69.5,904,680,11,301,39,1324,1.01,37.3,numbeo
2021,Málaga,Andalucía,city_large,580000,1835,1413,1340,2097,25165,1108,0.875,3.1,69.8,972,748,10,328,38,1401,0.96,40.8,numbeo
2022,Málaga,Andalucía,city_large,580000,1867,1438,1363,2171,26049,1167,0.86,8.4,69.9,1014,805,11,349,42,1510,0.9,43.1,numbeo
2023,Málaga,Andalucía,city_large,580000,2089,1609,1525,2338,28050,1260,0.893,3.5,69.6,1092,808,11,349,43,1517,1.01,38.7,numbeo
2024,Málaga,Andalucía,city_large,580000,2141,1649,1563,2500,30000,1323,0.856,2.8,70.1,1129,823,12,370,46,1579,0.99,38.4,numbeo
2010,Murcia,Murcia,city_large,460000,1533,1180,1119,1899,22790,738,0.807,2.0,55.7,820,622,9,276,33,1187,0.94,40.6,numbeo
2011,Murcia,Murcia,city_large,460000,1443,1111,1053,1908,22899,748,0.756,3.0,55.9,844,699,9,295,34,1286,0.82,48.4,numbeo
2012,Murcia,Murcia,city_large,460000,1523,1173,1112,1894,22726,748,0.804,2.4,56.0,917,688,10,296,35,1299,0.86,45.2,numbeo
2013,Murcia,Murcia,city_large,460000,1449,1116,1058,1905,22858,752,0.761,1.5,56.8,895,716,10,291,37,1326,0.8,49.4,numbeo
2014,Murcia,Murcia,city_large,460000,1452,1118,1060,1905,22858,753,0.762,-0.2,55.9,901,678,10,292,37,1288,0.82,46.7,numbeo
2015,Murcia,Murcia,city_large,460000,1529,1177,1116,1926,23106,757,0.794,-0.5,56.9,866,690,10,298,37,1306,0.85,45.1,numbeo
2016,Murcia,Murcia,city_large,460000,1576,1214,1150,1930,23156,764,0.817,-0.3,56.4,899,694,10,309,35,1319,0.87,44.0,numbeo
2017,Murcia,Murcia,city_large,460000,1527,1176,1115,1971,23647,826,0.775,2.0,57.1,875,677,9,293,37,1269,0.88,44.3,numbeo
2018,Murcia,Murcia,city_large,460000,1595,1228,1164,2001,24009,859,0.797,1.7,56.7,897,727,10,309,38,1358,0.86,45.6,numbeo
2019,Murcia,Murcia,city_large,460000,1661,1279,1213,2033,24395,1050,0.817,0.7,57.6,939,729,11,310,38,1381,0.88,43.9,numbeo
2020,Murcia,Murcia,city_large,460000,1632,1257,1191,2033,24395,1108,0.803,-0.3,57.9,955,684,10,306,39,1313,0.91,41.9,numbeo
2021,Murcia,Murcia,city_large,460000,1677,1291,1224,2097,25165,1108,0.8,3.1,57.2,918,751,11,332,39,1429,0.86,44.8,numbeo
2022,Murcia,Murcia,city_large,460000,1730,1332,1263,2171,26049,1167,0.797,8.4,57.1,986,793,11,341,41,1489,0.85,45.8,numbeo
2023,Murcia,Murcia,city_large,460000,1928,1485,1407,2338,28050,1260,0.825,3.5,58.3,1078,864,12,365,43,1609,0.87,44.8,numbeo
2024,Murcia,Murcia,city_large,460000,1936,1491,1413,2500,30000,1323,0.774,2.8,58.4,1097,863,12,361,45,1609,0.88,44.6,numbeo
2010,Palma,Baleares,city_large,415000,1730,1332,1263,1899,22790,738,0.911,2.0,74.9,804,638,9,286,35,1215,1.04,36.9,numbeo
2011,Palma,Baleares,city_large,415000,1706,1314,1245,1908,22899,748,0.894,3.0,75.4,845,697,10,292,35,1302,0.96,40.9,numbeo
2012,Palma,Baleares,city_large,415000,1697,1307,1239,1894,22726,748,0.896,2.4,75.1,925,676,10,309,37,1302,0.95,39.8,numbeo
2013,Palma,Baleares,city_large,415000,1740,1340,1270,1905,22858,752,0.913,1.5,75.4,869,684,10,305,37,1308,0.97,39.3,numbeo
2014,Palma,Baleares,city_large,415000,1703,1311,1243,1905,22858,753,0.894,-0.2,75.8,934,688,10,292,38,1299,0.96,40.4,numbeo
2015,Palma,Baleares,city_large,415000,1777,1368,1297,1926,23106,757,0.923,-0.5,75.6,860,692,10,290,38,1301,1.0,38.9,numbeo
2016,Palma,Baleares,city_large,415000,1824,1404,1332,1930,23156,764,0.945,-0.3,76.2,854,709,10,304,36,1330,1.0,38.9,numbeo
2017,Palma,Baleares,city_large,415000,1787,1376,1305,1971,23647,826,0.907,2.0,76.9,950,682,10,302,38,1304,1.0,38.2,numbeo
2018,Palma,Baleares,city_large,415000,1850,1424,1350,2001,24009,859,0.925,1.7,77.2,955,696,10,308,39,1327,1.02,37.6,numbeo
2019,Palma,Baleares,city_large,415000,1885,1451,1376,2033,24395,1050,0.927,0.7,77.3,908,703,10,325,38,1350,1.02,37.3,numbeo
2020,Palma,Baleares,city_large,415000,1843,1419,1345,2033,24395,1108,0.907,-0.3,77.2,911,719,10,310,37,1350,1.0,39.0,numbeo
2021,Palma,Baleares,city_large,415000,1912,1472,1396,2097,25165,1108,0.912,3.1,77.6,961,717,11,309,40,1373,1.02,37.5,numbeo
2022,Palma,Baleares,city_large,415000,2058,1585,1502,2171,26049,1167,0.948,8.4,78.0,1022,812,12,361,42,1549,0.97,39.5,numbeo
2023,Palma,Baleares,city_large,415000,2120,1632,1548,2338,28050,1260,0.907,3.5,77.8,1080,857,12,358,44,1596,0.97,40.4,numbeo
2024,Palma,Baleares,city_large,415000,2343,1804,1710,2500,30000,1323,0.937,2.8,78.3,1090,863,12,369,47,1619,1.06,36.8,numbeo
2010,Las Palmas,Canarias,city_large,380000,1523,1173,1112,1899,22790,738,0.802,2.0,62.7,851,670,9,290,34,1250,0.89,44.0,numbeo
2011,Las Palmas,Canarias,city_large,380000,1532,1180,1118,1908,22899,748,0.803,3.0,62.9,886,692,9,280,36,1266,0.88,45.2,numbeo
2012,Las Palmas,Canarias,city_large,380000,1590,1224,1161,1894,22726,748,0.839,2.4,63.5,906,679,9,300,37,1276,0.91,42.7,numbeo
2013,Las Palmas,Canarias,city_large,380000,1551,1194,1132,1905,22858,752,0.814,1.5,63.2,933,662,10,297,36,1277,0.89,42.7,numbeo
2014,Las Palmas,Canarias,city_large,380000,1522,1172,1111,1905,22858,753,0.799,-0.2,63.2,901,712,9,291,38,1302,0.85,46.8,numbeo
2015,Las Palmas,Canarias,city_large,380000,1596,1229,1165,1926,23106,757,0.829,-0.5,63.0,928,664,10,294,36,1275,0.91,41.6,numbeo
2016,Las Palmas,Canarias,city_large,380000,1535,1182,1121,1930,23156,764,0.795,-0.3,63.9,924,699,9,297,36,1293,0.87,45.5,numbeo
2017,Las Palmas,Canarias,city_large,380000,1637,1260,1195,1971,23647,826,0.831,2.0,63.9,899,683,10,297,37,1299,0.92,41.7,numbeo
2018,Las Palmas,Canarias,city_large,380000,1654,1274,1207,2001,24009,859,0.827,1.7,63.5,928,717,11,305,39,1365,0.88,43.3,numbeo
2019,Las Palmas,Canarias,city_large,380000,1706,1314,1245,2033,24395,1050,0.839,0.7,63.8,934,730,10,301,38,1353,0.92,42.8,numbeo
2020,Las Palmas,Canarias,city_large,380000,1691,1302,1234,2033,24395,1108,0.832,-0.3,64.8,905,736,10,307,38,1365,0.9,43.5,numbeo
2021,Las Palmas,Canarias,city_large,380000,1763,1358,1287,2097,25165,1108,0.841,3.1,64.7,975,749,11,324,40,1420,0.91,42.5,numbeo
2022,Las Palmas,Canarias,city_large,380000,1833,1411,1338,2171,26049,1167,0.844,8.4,64.4,1028,805,12,336,42,1517,0.88,43.9,numbeo
2023,Las Palmas,Canarias,city_large,380000,1993,1535,1455,2338,28050,1260,0.852,3.5,64.4,1031,830,12,361,45,1573,0.92,41.6,numbeo
2024,Las Palmas,Canarias,city_large,380000,2149,1655,1569,2500,30000,1323,0.86,2.8,64.7,1136,848,12,377,44,1609,0.98,39.5,numbeo
2010,Bilbao,País Vasco,city_large,350000,1949,1501,1423,1899,22790,738,1.026,2.0,77.4,808,678,9,287,36,1257,1.13,34.8,numbeo
2011,Bilbao,País Vasco,city_large,350000,2082,1603,1520,1908,22899,748,1.091,3.0,77.5,852,686,9,291,35,1270,1.2,32.9,numbeo
2012,Bilbao,País Vasco,city_large,350000,2029,1562,1481,1894,22726,748,1.071,2.4,77.5,891,705,10,288,35,1308,1.13,34.7,numbeo
2013,Bilbao,País Vasco,city_large,350000,1952,1503,1425,1905,22858,752,1.025,1.5,78.0,903,722,10,291,38,1333,1.07,37.0,numbeo
2014,Bilbao,País Vasco,city_large,350000,2081,1602,1519,1905,22858,753,1.092,-0.2,77.4,887,667,10,296,37,1281,1.19,32.1,numbeo
2015,Bilbao,País Vasco,city_large,350000,1991,1533,1453,1926,23106,757,1.034,-0.5,78.5,858,685,10,305,38,1309,1.11,34.4,numbeo
2016,Bilbao,País Vasco,city_large,350000,2045,1575,1493,1930,23156,764,1.06,-0.3,78.5,858,681,9,299,36,1277,1.17,33.3,numbeo
2017,Bilbao,País Vasco,city_large,350000,2170,1671,1584,1971,23647,826,1.101,2.0,77.7,894,696,10,313,36,1327,1.19,32.1,numbeo
2018,Bilbao,País Vasco,city_large,350000,2167,1669,1582,2001,24009,859,1.083,1.7,78.7,965,702,10,302,37,1325,1.19,32.4,numbeo
2019,Bilbao,País Vasco,city_large,350000,2230,1717,1628,2033,24395,1050,1.097,0.7,78.8,943,727,10,300,39,1350,1.21,32.6,numbeo
2020,Bilbao,País Vasco,city_large,350000,2142,1649,1564,2033,24395,1108,1.054,-0.3,78.6,931,684,10,304,37,1309,1.19,31.9,numbeo
2021,Bilbao,País Vasco,city_large,350000,2312,1780,1688,2097,25165,1108,1.103,3.1,79.1,920,766,10,330,38,1421,1.19,33.1,numbeo
2022,Bilbao,País Vasco,city_large,350000,2276,1753,1661,2171,26049,1167,1.048,8.4,79.2,1000,812,11,334,43,1503,1.11,35.7,numbeo
2023,Bilbao,País Vasco,city_large,350000,2475,1906,1807,2338,28050,1260,1.059,3.5,79.5,1035,790,12,361,45,1533,1.18,31.9,numbeo
2024,Bilbao,País Vasco,city_large,350000,2696,2076,1968,2500,30000,1323,1.078,2.8,80.4,1101,817,12,383,43,1583,1.24,30.3,numbeo
2010,Alicante,Comunidad Valenciana,city_large,330000,1668,1284,1218,1899,22790,738,0.878,2.0,62.9,840,645,10,272,34,1227,0.99,38.7,numbeo
2011,Alicante,Comunidad Valenciana,city_large,330000,1635,1259,1194,1908,22899,748,0.857,3.0,62.8,862,694,9,281,36,1269,0.94,42.4,numbeo
2012,Alicante,Comunidad Valenciana,city_large,330000,1587,1222,1159,1894,22726,748,0.838,2.4,62.5,896,686,9,309,36,1291,0.9,43.2,numbeo
2013,Alicante,Comunidad Valenciana,city_large,330000,1643,1265,1199,1905,22858,752,0.862,1.5,63.1,861,707,10,305,37,1331,0.9,43.0,numbeo
2014,Alicante,Comunidad Valenciana,city_large,330000,1677,1291,1224,1905,22858,753,0.88,-0.2,62.7,891,673,10,300,36,1290,0.95,40.1,numbeo
2015,Alicante,Comunidad Valenciana,city_large,330000,1625,1251,1186,1926,23106,757,0.844,-0.5,63.2,906,680,9,310,35,1286,0.92,41.8,numbeo
2016,Alicante,Comunidad Valenciana,city_large,330000,1717,1322,1253,1930,23156,764,0.89,-0.3,62.9,852,703,10,300,37,1321,0.95,40.9,numbeo
2017,Alicante,Comunidad Valenciana,city_large,330000,1724,1327,1259,1971,23647,826,0.875,2.0,63.5,872,690,10,311,38,1321,0.95,40.0,numbeo
2018,Alicante,Comunidad Valenciana,city_large,330000,1772,1364,1294,2001,24009,859,0.886,1.7,64.5,931,701,10,303,38,1326,0.98,39.6,numbeo
2019,Alicante,Comunidad Valenciana,city_large,330000,1741,1341,1271,2033,24395,1050,0.856,0.7,63.5,960,707,10,314,39,1344,0.95,40.6,numbeo
2020,Alicante,Comunidad Valenciana,city_large,330000,1821,1402,1329,2033,24395,1108,0.896,-0.3,64.9,955,723,10,299,39,1345,0.99,39.7,numbeo
2021,Alicante,Comunidad Valenciana,city_large,330000,1879,1447,1372,2097,25165,1108,0.896,3.1,64.1,923,752,10,317,37,1393,0.98,40.0,numbeo
2022,Alicante,Comunidad Valenciana,city_large,330000,1954,1505,1426,2171,26049,1167,0.9,8.4,64.7,1024,770,11,335,43,1462,0.98,39.4,numbeo
2023,Alicante,Comunidad Valenciana,city_large,330000,2013,1550,1469,2338,28050,1260,0.861,3.5,64.7,1053,816,12,368,44,1565,0.94,40.5,numbeo
2024,Alicante,Comunidad Valenciana,city_large,330000,2136,1645,1559,2500,30000,1323,0.854,2.8,64.4,1062,860,12,363,46,1609,0.97,40.3,numbeo
2010,Córdoba,Andalucía,city_medium,325000,1519,1170,1109,1899,22790,738,0.8,2.0,57.5,633,531,8,258,30,1055,1.05,35.0,numbeo
2011,Córdoba,Andalucía,city_medium,325000,1550,1194,1132,1908,22899,748,0.812,3.0,57.8,678,509,9,269,30,1066,1.06,32.8,numbeo
2012,Córdoba,Andalucía,city_medium,325000,1501,1156,1096,1894,22726,748,0.793,2.4,57.5,658,533,9,262,33,1088,1.01,35.5,numbeo
2013,Córdoba,Andalucía,city_medium,325000,1499,1154,1094,1905,22858,752,0.787,1.5,57.9,707,555,9,284,32,1133,0.97,37.0,numbeo
2014,Córdoba,Andalucía,city_medium,325000,1575,1213,1150,1905,22858,753,0.827,-0.2,57.6,659,577,9,278,33,1149,1.0,36.6,numbeo
2015,Córdoba,Andalucía,city_medium,325000,1579,1216,1153,1926,23106,757,0.82,-0.5,58.3,662,524,9,282,33,1100,1.05,33.2,numbeo
2016,Córdoba,Andalucía,city_medium,325000,1598,1230,1167,1930,23156,764,0.828,-0.3,59.2,658,568,9,276,32,1137,1.03,35.5,numbeo
2017,Córdoba,Andalucía,city_medium,325000,1586,1221,1158,1971,23647,826,0.805,2.0,58.5,689,551,9,280,32,1125,1.03,34.7,numbeo
2018,Córdoba,Andalucía,city_medium,325000,1626,1252,1187,2001,24009,859,0.813,1.7,59.5,701,583,10,292,33,1192,1.0,35.9,numbeo
2019,Córdoba,Andalucía,city_medium,325000,1612,1241,1177,2033,24395,1050,0.793,0.7,58.7,724,589,9,279,34,1166,1.01,36.5,numbeo
2020,Córdoba,Andalucía,city_medium,325000,1655,1274,1208,2033,24395,1108,0.814,-0.3,59.7,733,569,10,287,34,1174,1.03,34.4,numbeo
2021,Córdoba,Andalucía,city_medium,325000,1726,1329,1260,2097,25165,1108,0.823,3.1,60.0,746,569,9,293,34,1163,1.08,33.0,numbeo
2022,Córdoba,Andalucía,city_medium,325000,1746,1344,1275,2171,26049,1167,0.804,8.4,59.0,799,627,10,308,39,1268,1.01,35.9,numbeo
2023,Córdoba,Andalucía,city_medium,325000,1857,1430,1356,2338,28050,1260,0.794,3.5,60.3,856,669,11,330,39,1355,1.0,36.0,numbeo
2024,Córdoba,Andalucía,city_medium,325000,2092,1611,1527,2500,30000,1323,0.837,2.8,60.6,846,701,11,335,40,1396,1.09,33.5,numbeo
2010,Valladolid,Castilla y León,city_medium,300000,1613,1242,1177,1899,22790,738,0.849,2.0,58.9,622,539,8,263,30,1068,1.1,33.4,numbeo
2011,Valladolid,Castilla y León,city_medium,300000,1625,1251,1186,1908,22899,748,0.852,3.0,59.3,663,530,9,260,31,1079,1.1,32.6,numbeo
2012,Valladolid,Castilla y León,city_medium,300000,1627,1253,1188,1894,22726,748,0.859,2.4,59.7,672,552,9,276,31,1119,1.06,33.9,numbeo
2013,Valladolid,Castilla y León,city_medium,300000,1616,1244,1180,1905,22858,752,0.848,1.5,60.3,678,567,9,286,34,1149,1.03,35.1,numbeo
2014,Valladolid,Castilla y León,city_medium,300000,1645,1267,1201,1905,22858,753,0.864,-0.2,60.3,667,545,9,281,32,1119,1.07,33.1,numbeo
2015,Valladolid,Castilla y León,city_medium,300000,1695,1305,1237,1926,23106,757,0.88,-0.5,61.0,675,544,9,282,33,1120,1.1,32.1,numbeo
2016,Valladolid,Castilla y León,city_medium,300000,1727,1330,1261,1930,23156,764,0.895,-0.3,60.9,699,551,9,273,32,1117,1.13,31.9,numbeo
2017,Valladolid,Castilla y León,city_medium,300000,1709,1316,1248,1971,23647,826,0.867,2.0,60.3,680,585,9,274,32,1153,1.08,34.2,numbeo
2018,Valladolid,Castilla y León,city_medium,300000,1701,1310,1242,2001,24009,859,0.85,1.7,61.4,684,585,10,294,32,1195,1.04,34.4,numbeo
2019,Valladolid,Castilla y León,city_medium,300000,1762,1357,1286,2033,24395,1050,0.867,0.7,61.5,691,567,9,294,34,1159,1.11,32.2,numbeo
2020,Valladolid,Castilla y León,city_medium,300000,1822,1403,1330,2033,24395,1108,0.896,-0.3,60.8,710,567,9,280,33,1144,1.16,31.1,numbeo
2021,Valladolid,Castilla y León,city_medium,300000,1814,1397,1324,2097,25165,1108,0.865,3.1,61.8,733,592,9,302,35,1196,1.11,32.6,numbeo
2022,Valladolid,Castilla y León,city_medium,300000,1952,1503,1425,2171,26049,1167,0.899,8.4,61.5,835,670,10,314,37,1315,1.08,34.3,numbeo
2023,Valladolid,Castilla y León,city_medium,300000,2060,1586,1504,2338,28050,1260,0.881,3.5,62.5,853,681,10,324,39,1341,1.12,33.1,numbeo
2024,Valladolid,Castilla y León,city_medium,300000,2258,1739,1648,2500,30000,1323,0.903,2.8,62.1,816,704,11,334,41,1399,1.18,31.2,numbeo
2010,Vigo,Galicia,city_medium,295000,1572,1210,1148,1899,22790,738,0.828,2.0,60.1,625,515,9,253,30,1054,1.09,32.8,numbeo
2011,Vigo,Galicia,city_medium,295000,1591,1225,1161,1908,22899,748,0.834,3.0,59.0,637,534,8,277,31,1080,1.07,33.6,numbeo
2012,Vigo,Galicia,city_medium,295000,1546,1190,1129,1894,22726,748,0.816,2.4,60.5,706,555,9,265,32,1112,1.02,35.9,numbeo
2013,Vigo,Galicia,city_medium,295000,1647,1268,1202,1905,22858,752,0.865,1.5,60.3,668,566,9,266,32,1126,1.07,34.4,numbeo
2014,Vigo,Galicia,city_medium,295000,1585,1220,1157,1905,22858,753,0.832,-0.2,60.7,695,566,9,268,32,1127,1.03,35.7,numbeo
2015,Vigo,Galicia,city_medium,295000,1610,1240,1175,1926,23106,757,0.836,-0.5,59.8,683,567,9,267,33,1128,1.04,35.2,numbeo
2016,Vigo,Galicia,city_medium,295000,1650,1270,1204,1930,23156,764,0.855,-0.3,59.9,687,535,9,273,33,1102,1.09,32.4,numbeo
2017,Vigo,Galicia,city_medium,295000,1646,1267,1202,1971,23647,826,0.835,2.0,60.6,712,537,9,270,33,1102,1.09,32.6,numbeo
2018,Vigo,Galicia,city_medium,295000,1706,1314,1245,2001,24009,859,0.853,1.7,61.6,716,563,9,288,35,1150,1.08,33.0,numbeo
2019,Vigo,Galicia,city_medium,295000,1705,1313,1245,2033,24395,1050,0.839,0.7,60.4,738,565,9,290,34,1153,1.08,33.1,numbeo
2020,Vigo,Galicia,city_medium,295000,1766,1360,1289,2033,24395,1108,0.869,-0.3,61.1,682,574,10,278,34,1170,1.1,32.5,numbeo
2021,Vigo,Galicia,city_medium,295000,1791,1379,1307,2097,25165,1108,0.854,3.1,61.7,747,608,9,301,35,1211,1.08,33.9,numbeo
2022,Vigo,Galicia,city_medium,295000,1834,1412,1339,2171,26049,1167,0.845,8.4,61.0,775,610,11,320,39,1283,1.04,33.3,numbeo
2023,Vigo,Galicia,city_medium,295000,2014,1551,1470,2338,28050,1260,0.861,3.5,61.5,848,641,11,338,40,1336,1.1,31.8,numbeo
2024,Vigo,Galicia,city_medium,295000,2125,1636,1551,2500,30000,1323,0.85,2.8,61.5,839,706,11,351,40,1417,1.09,33.2,numbeo
2010,Gijón,Asturias,city_medium,270000,1692,1303,1235,1899,22790,738,0.891,2.0,59.5,647,540,8,265,31,1072,1.15,31.9,numbeo
2011,Gijón,Asturias,city_medium,270000,1600,1232,1168,1908,22899,748,0.839,3.0,59.8,689,536,8,258,32,1064,1.1,33.5,numbeo
2012,Gijón,Asturias,city_medium,270000,1616,1244,1180,1894,22726,748,0.853,2.4,60.0,678,557,9,263,33,1113,1.06,34.5,numbeo
2013,Gijón,Asturias,city_medium,270000,1633,1257,1192,1905,22858,752,0.857,1.5,60.7,678,581,9,268,33,1144,1.04,35.6,numbeo
2014,Gijón,Asturias,city_medium,270000,1637,1260,1195,1905,22858,753,0.859,-0.2,60.7,704,579,9,279,33,1152,1.04,35.4,numbeo
2015,Gijón,Asturias,city_medium,270000,1619,1247,1182,1926,23106,757,0.841,-0.5,59.8,708,543,9,277,33,1114,1.06,33.5,numbeo
2016,Gijón,Asturias,city_medium,270000,1700,1309,1241,1930,23156,764,0.881,-0.3,61.2,678,564,9,275,32,1132,1.1,33.2,numbeo
2017,Gijón,Asturias,city_medium,270000,1735,1336,1267,1971,23647,826,0.88,2.0,60.4,673,573,9,278,33,1146,1.11,33.0,numbeo
2018,Gijón,Asturias,city_medium,270000,1717,1322,1253,2001,24009,859,0.858,1.7,60.6,708,598,9,294,33,1189,1.05,34.8,numbeo
2019,Gijón,Asturias,city_medium,270000,1729,1331,1262,2033,24395,1050,0.85,0.7,61.6,714,596,9,277,34,1171,1.08,34.5,numbeo
2020,Gijón,Asturias,city_medium,270000,1822,1403,1330,2033,24395,1108,0.896,-0.3,61.0,704,547,9,295,35,1141,1.17,30.0,numbeo
2021,Gijón,Asturias,city_medium,270000,1865,1436,1361,2097,25165,1108,0.889,3.1,62.1,747,607,10,286,34,1214,1.12,32.5,numbeo
2022,Gijón,Asturias,city_medium,270000,1857,1430,1356,2171,26049,1167,0.855,8.4,62.1,761,643,10,327,38,1302,1.04,34.6,numbeo
2023,Gijón,Asturias,city_medium,270000,2071,1595,1512,2338,28050,1260,0.886,3.5,61.2,811,695,11,331,40,1383,1.09,33.6,numbeo
2024,Gijón,Asturias,city_medium,270000,2250,1732,1642,2500,30000,1323,0.9,2.8,61.4,890,690,11,345,40,1395,1.18,30.7,numbeo
2010,Granada,Andalucía,city_medium,235000,1561,1202,1140,1899,22790,738,0.822,2.0,60.9,657,502,9,258,31,1047,1.09,32.2,numbeo
2011,Granada,Andalucía,city_medium,235000,1483,1142,1083,1908,22899,748,0.777,3.0,60.1,644,516,8,271,31,1056,1.03,34.8,numbeo
2012,Granada,Andalucía,city_medium,235000,1569,1208,1145,1894,22726,748,0.828,2.4,61.4,707,533,9,274,31,1098,1.04,34.0,numbeo
2013,Granada,Andalucía,city_medium,235000,1512,1164,1104,1905,22858,752,0.794,1.5,61.1,693,536,9,270,33,1101,1.0,35.4,numbeo
2014,Granada,Andalucía,city_medium,235000,1560,1201,1139,1905,22858,753,0.819,-0.2,61.3,716,557,9,266,31,1115,1.02,35.7,numbeo
2015,Granada,Andalucía,city_medium,235000,1571,1210,1147,1926,23106,757,0.816,-0.5,61.5,699,565,9,278,32,1136,1.01,36.0,numbeo
2016,Granada,Andalucía,city_medium,235000,1575,1213,1150,1930,23156,764,0.816,-0.3,61.3,718,548,9,279,32,1120,1.03,34.8,numbeo
2017,Granada,Andalucía,city_medium,235000,1550,1194,1132,1971,23647,826,0.786,2.0,61.1,696,559,9,282,32,1135,1.0,36.1,numbeo
2018,Granada,Andalucía,city_medium,235000,1649,1270,1204,2001,24009,859,0.824,1.7,62.2,738,597,9,282,34,1177,1.02,36.2,numbeo
2019,Granada,Andalucía,city_medium,235000,1632,1257,1191,2033,24395,1050,0.803,0.7,62.1,700,559,9,282,33,1138,1.05,34.3,numbeo
2020,Granada,Andalucía,city_medium,235000,1669,1285,1218,2033,24395,1108,0.821,-0.3,61.9,741,552,9,288,33,1137,1.07,33.1,numbeo
2021,Granada,Andalucía,city_medium,235000,1742,1341,1272,2097,25165,1108,0.831,3.1,62.5,738,590,9,284,36,1177,1.08,33.9,numbeo
2022,Granada,Andalucía,city_medium,235000,1775,1367,1296,2171,26049,1167,0.818,8.4,63.3,776,630,10,319,39,1282,1.01,35.5,numbeo
2023,Granada,Andalucía,city_medium,235000,1935,1490,1413,2338,28050,1260,0.828,3.5,62.8,830,684,11,341,40,1382,1.02,35.3,numbeo
2024,Granada,Andalucía,city_medium,235000,2088,1608,1524,2500,30000,1323,0.835,2.8,62.8,842,685,11,341,39,1385,1.1,32.8,numbeo
2010,A Coruña,Galicia,city_medium,245000,1635,1259,1194,1899,22790,738,0.861,2.0,61.8,633,543,9,251,32,1082,1.1,33.2,numbeo
2011,A Coruña,Galicia,city_medium,245000,1633,1257,1192,1908,22899,748,0.856,3.0,62.0,656,557,9,260,31,1106,1.08,34.1,numbeo
2012,A Coruña,Galicia,city_medium,245000,1636,1260,1194,1894,22726,748,0.864,2.4,61.2,658,537,9,272,32,1101,1.08,32.8,numbeo
2013,A Coruña,Galicia,city_medium,245000,1650,1270,1204,1905,22858,752,0.866,1.5,61.7,701,536,9,283,32,1113,1.08,32.5,numbeo
2014,A Coruña,Galicia,city_medium,245000,1631,1256,1191,1905,22858,753,0.856,-0.2,62.6,694,565,9,284,32,1142,1.04,34.6,numbeo
2015,A Coruña,Galicia,city_medium,245000,1692,1303,1235,1926,23106,757,0.879,-0.5,63.0,694,567,9,280,31,1139,1.08,33.5,numbeo
2016,A Coruña,Galicia,city_medium,245000,1674,1289,1222,1930,23156,764,0.867,-0.3,63.2,706,564,9,279,33,1137,1.07,33.7,numbeo
2017,A Coruña,Galicia,city_medium,245000,1676,1291,1223,1971,23647,826,0.85,2.0,62.9,708,579,9,284,32,1157,1.06,34.5,numbeo
2018,A Coruña,Galicia,city_medium,245000,1799,1385,1313,2001,24009,859,0.899,1.7,62.4,678,559,9,289,33,1145,1.15,31.1,numbeo
2019,A Coruña,Galicia,city_medium,245000,1809,1393,1321,2033,24395,1050,0.89,0.7,63.7,744,587,9,278,33,1162,1.14,32.4,numbeo
2020,A Coruña,Galicia,city_medium,245000,1756,1352,1282,2033,24395,1108,0.864,-0.3,63.5,717,561,9,295,33,1153,1.11,31.9,numbeo
2021,A Coruña,Galicia,city_medium,245000,1818,1400,1327,2097,25165,1108,0.867,3.1,63.8,753,598,10,297,34,1216,1.09,32.9,numbeo
2022,A Coruña,Galicia,city_medium,245000,1871,1441,1366,2171,26049,1167,0.862,8.4,63.7,777,669,10,314,37,1314,1.04,35.8,numbeo
2023,A Coruña,Galicia,city_medium,245000,2084,1605,1521,2338,28050,1260,0.891,3.5,63.6,814,690,11,325,38,1370,1.11,33.1,numbeo
2024,A Coruña,Galicia,city_medium,245000,2227,1715,1626,2500,30000,1323,0.891,2.8,63.8,891,702,12,348,39,1429,1.14,31.5,numbeo
2010,Santa Cruz de Tenerife,Canarias,city_medium,210000,1482,1141,1082,1899,22790,738,0.78,2.0,60.8,638,515,8,259,30,1040,1.04,34.8,numbeo
2011,Santa Cruz de Tenerife,Canarias,city_medium,210000,1519,1170,1109,1908,22899,748,0.796,3.0,61.3,680,514,9,269,31,1072,1.03,33.8,numbeo
2012,Santa Cruz de Tenerife,Canarias,city_medium,210000,1526,1175,1114,1894,22726,748,0.806,2.4,60.9,692,522,9,278,31,1091,1.02,34.2,numbeo
2013,Santa Cruz de Tenerife,Canarias,city_medium,210000,1549,1193,1131,1905,22858,752,0.813,1.5,60.3,697,578,9,287,34,1161,0.97,37.3,numbeo
2014,Santa Cruz de Tenerife,Canarias,city_medium,210000,1522,1172,1111,1905,22858,753,0.799,-0.2,60.8,724,544,9,286,31,1122,0.99,35.7,numbeo
2015,Santa Cruz de Tenerife,Canarias,city_medium,210000,1553,1196,1134,1926,23106,757,0.806,-0.5,61.4,704,575,9,268,33,1137,1.0,37.0,numbeo
2016,Santa Cruz de Tenerife,Canarias,city_medium,210000,1517,1168,1107,1930,23156,764,0.786,-0.3,62.1,720,543,9,284,33,1121,0.99,35.8,numbeo
2017,Santa Cruz de Tenerife,Canarias,city_medium,210000,1636,1260,1194,1971,23647,826,0.83,2.0,62.3,666,564,9,291,32,1149,1.04,34.5,numbeo
2018,Santa Cruz de Tenerife,Canarias,city_medium,210000,1672,1287,1221,2001,24009,859,0.836,1.7,62.0,712,595,10,284,33,1196,1.02,35.6,numbeo
2019,Santa Cruz de Tenerife,Canarias,city_medium,210000,1602,1234,1169,2033,24395,1050,0.788,0.7,61.6,714,560,9,292,35,1151,1.02,35.0,numbeo
2020,Santa Cruz de Tenerife,Canarias,city_medium,210000,1659,1277,1211,2033,24395,1108,0.816,-0.3,62.6,692,592,10,293,34,1203,1.01,35.7,numbeo
2021,Santa Cruz de Tenerife,Canarias,city_medium,210000,1658,1277,1210,2097,25165,1108,0.791,3.1,62.7,714,568,9,289,34,1158,1.04,34.3,numbeo
2022,Santa Cruz de Tenerife,Canarias,city_medium,210000,1739,1339,1269,2171,26049,1167,0.801,8.4,63.0,835,626,11,307,38,1285,0.99,36.0,numbeo
2023,Santa Cruz de Tenerife,Canarias,city_medium,210000,1938,1492,1415,2338,28050,1260,0.829,3.5,62.2,795,649,11,331,40,1337,1.06,33.5,numbeo
2024,Santa Cruz de Tenerife,Canarias,city_medium,210000,2079,1601,1518,2500,30000,1323,0.832,2.8,62.7,817,708,11,343,39,1410,1.08,34.1,numbeo
2010,Vitoria-Gasteiz,País Vasco,city_medium,245000,1951,1502,1424,1899,22790,738,1.027,2.0,74.4,664,524,8,260,30,1050,1.36,26.9,numbeo
2011,Vitoria-Gasteiz,País Vasco,city_medium,245000,2021,1556,1475,1908,22899,748,1.059,3.0,75.3,648,520,9,275,30,1083,1.36,25.7,numbeo
2012,Vitoria-Gasteiz,País Vasco,city_medium,245000,1997,1538,1458,1894,22726,748,1.054,2.4,75.6,654,550,8,274,32,1096,1.33,27.5,numbeo
2013,Vitoria-Gasteiz,País Vasco,city_medium,245000,2030,1563,1482,1905,22858,752,1.066,1.5,75.1,681,556,9,271,33,1122,1.32,27.4,numbeo
2014,Vitoria-Gasteiz,País Vasco,city_medium,245000,1965,1513,1434,1905,22858,753,1.031,-0.2,75.8,713,551,9,276,31,1119,1.28,28.0,numbeo
2015,Vitoria-Gasteiz,País Vasco,city_medium,245000,2043,1573,1491,1926,23106,757,1.061,-0.5,76.4,704,545,9,281,33,1120,1.33,26.7,numbeo
2016,Vitoria-Gasteiz,País Vasco,city_medium,245000,1991,1533,1453,1930,23156,764,1.032,-0.3,76.0,656,576,9,265,33,1135,1.28,28.9,numbeo
2017,Vitoria-Gasteiz,País Vasco,city_medium,245000,2035,1567,1486,1971,23647,826,1.032,2.0,76.3,719,575,9,283,33,1153,1.29,28.3,numbeo
2018,Vitoria-Gasteiz,País Vasco,city_medium,245000,2213,1704,1615,2001,24009,859,1.106,1.7,76.5,738,593,9,289,34,1180,1.37,26.8,numbeo
2019,Vitoria-Gasteiz,País Vasco,city_medium,245000,2183,1681,1594,2033,24395,1050,1.074,0.7,77.1,706,555,9,287,34,1140,1.4,25.4,numbeo
2020,Vitoria-Gasteiz,País Vasco,city_medium,245000,2139,1647,1561,2033,24395,1108,1.052,-0.3,76.4,681,560,9,287,34,1145,1.36,26.2,numbeo
2021,Vitoria-Gasteiz,País Vasco,city_medium,245000,2304,1774,1682,2097,25165,1108,1.099,3.1,77.0,726,576,10,300,34,1197,1.41,25.0,numbeo
2022,Vitoria-Gasteiz,País Vasco,city_medium,245000,2387,1838,1743,2171,26049,1167,1.099,8.4,77.4,820,664,10,312,36,1306,1.33,27.8,numbeo
2023,Vitoria-Gasteiz,País Vasco,city_medium,245000,2439,1878,1780,2338,28050,1260,1.043,3.5,77.9,844,632,11,328,38,1315,1.35,25.9,numbeo
2024,Vitoria-Gasteiz,País Vasco,city_medium,245000,2647,2038,1932,2500,30000,1323,1.059,2.8,78.5,812,680,11,349,41,1390,1.39,25.7,numbeo
2010,Oviedo,Asturias,city_medium,220000,1617,1245,1180,1899,22790,738,0.852,2.0,61.6,659,509,8,252,31,1028,1.15,31.5,numbeo
2011,Oviedo,Asturias,city_medium,220000,1616,1244,1180,1908,22899,748,0.847,3.0,61.3,638,558,9,276,32,1124,1.05,34.5,numbeo
2012,Oviedo,Asturias,city_medium,220000,1630,1255,1190,1894,22726,748,0.861,2.4,61.8,715,571,9,279,32,1142,1.04,35.0,numbeo
2013,Oviedo,Asturias,city_medium,220000,1641,1264,1198,1905,22858,752,0.861,1.5,61.5,685,569,9,285,32,1148,1.04,34.7,numbeo
2014,Oviedo,Asturias,city_medium,220000,1677,1291,1224,1905,22858,753,0.88,-0.2,62.6,721,557,9,278,32,1128,1.09,33.2,numbeo
2015,Oviedo,Asturias,city_medium,220000,1643,1265,1199,1926,23106,757,0.853,-0.5,61.9,699,574,9,266,33,1134,1.06,34.9,numbeo
2016,Oviedo,Asturias,city_medium,220000,1643,1265,1199,1930,23156,764,0.851,-0.3,62.2,698,555,9,268,33,1117,1.07,33.8,numbeo
2017,Oviedo,Asturias,city_medium,220000,1744,1343,1273,1971,23647,826,0.885,2.0,62.8,699,581,9,290,32,1165,1.09,33.3,numbeo
2018,Oviedo,Asturias,city_medium,220000,1799,1385,1313,2001,24009,859,0.899,1.7,63.5,685,598,9,279,34,1175,1.12,33.2,numbeo
2019,Oviedo,Asturias,city_medium,220000,1740,1340,1270,2033,24395,1050,0.856,0.7,63.7,721,589,9,288,33,1174,1.08,33.9,numbeo
2020,Oviedo,Asturias,city_medium,220000,1749,1347,1277,2033,24395,1108,0.86,-0.3,63.3,715,549,10,285,35,1153,1.11,31.4,numbeo
2021,Oviedo,Asturias,city_medium,220000,1891,1456,1380,2097,25165,1108,0.902,3.1,63.3,731,593,9,286,34,1180,1.17,31.4,numbeo
2022,Oviedo,Asturias,city_medium,220000,1963,1512,1433,2171,26049,1167,0.904,8.4,63.7,792,617,10,316,39,1266,1.13,31.4,numbeo
2023,Oviedo,Asturias,city_medium,220000,2054,1582,1499,2338,28050,1260,0.879,3.5,64.0,842,645,11,343,39,1344,1.12,31.4,numbeo
2024,Oviedo,Asturias,city_medium,220000,2199,1693,1605,2500,30000,1323,0.88,2.8,63.5,875,658,11,340,41,1359,1.18,29.9,numbeo
2010,Santander,Cantabria,city_medium,170000,1679,1293,1226,1899,22790,738,0.884,2.0,64.5,619,494,9,268,31,1049,1.17,29.4,numbeo
2011,Santander,Cantabria,city_medium,170000,1716,1321,1253,1908,22899,748,0.899,3.0,64.4,690,519,9,256,31,1064,1.18,30.2,numbeo
2012,Santander,Cantabria,city_medium,170000,1660,1278,1212,1894,22726,748,0.876,2.4,64.9,694,553,9,273,31,1117,1.09,33.3,numbeo
2013,Santander,Cantabria,city_medium,170000,1693,1304,1236,1905,22858,752,0.889,1.5,64.2,695,542,9,267,33,1104,1.12,32.0,numbeo
2014,Santander,Cantabria,city_medium,170000,1710,1317,1248,1905,22858,753,0.898,-0.2,65.5,720,532,9,269,32,1094,1.14,31.1,numbeo
2015,Santander,Cantabria,city_medium,170000,1714,1320,1251,1926,23106,757,0.89,-0.5,65.7,672,545,9,273,33,1112,1.12,31.8,numbeo
2016,Santander,Cantabria,city_medium,170000,1776,1368,1296,1930,23156,764,0.92,-0.3,65.1,699,568,9,282,33,1144,1.13,32.0,numbeo
2017,Santander,Cantabria,city_medium,170000,1706,1314,1245,1971,23647,826,0.866,2.0,65.5,704,535,9,273,33,1103,1.13,31.4,numbeo
2018,Santander,Cantabria,city_medium,170000,1777,1368,1297,2001,24009,859,0.888,1.7,66.2,717,590,9,285,32,1171,1.11,33.2,numbeo
2019,Santander,Cantabria,city_medium,170000,1780,1371,1299,2033,24395,1050,0.876,0.7,66.6,745,572,9,277,35,1148,1.13,32.1,numbeo
2020,Santander,Cantabria,city_medium,170000,1870,1440,1365,2033,24395,1108,0.92,-0.3,66.3,681,596,9,296,34,1190,1.15,31.9,numbeo
2021,Santander,Cantabria,city_medium,170000,1912,1472,1396,2097,25165,1108,0.912,3.1,66.7,729,565,9,289,36,1157,1.21,29.6,numbeo
2022,Santander,Cantabria,city_medium,170000,1933,1488,1411,2171,26049,1167,0.89,8.4,67.2,785,655,10,332,38,1319,1.07,33.9,numbeo
2023,Santander,Cantabria,city_medium,170000,2101,1618,1534,2338,28050,1260,0.899,3.5,67.5,790,657,11,327,40,1341,1.14,31.3,numbeo
2024,Santander,Cantabria,city_medium,170000,2322,1788,1695,2500,30000,1323,0.929,2.8,66.9,873,648,11,353,40,1361,1.25,27.9,numbeo
2010,Pamplona,Navarra,city_medium,210000,1885,1451,1376,1899,22790,738,0.993,2.0,70.7,643,527,9,250,31,1064,1.29,28.0,numbeo
2011,Pamplona,Navarra,city_medium,210000,1955,1505,1427,1908,22899,748,1.025,3.0,70.6,639,515,9,270,32,1075,1.33,26.3,numbeo
2012,Pamplona,Navarra,city_medium,210000,1879,1447,1372,1894,22726,748,0.992,2.4,69.9,649,536,9,268,31,1095,1.25,28.5,numbeo
2013,Pamplona,Navarra,city_medium,210000,1875,1444,1369,1905,22858,752,0.984,1.5,70.6,697,550,9,274,32,1118,1.22,29.3,numbeo
2014,Pamplona,Navarra,city_medium,210000,1933,1488,1411,1905,22858,753,1.015,-0.2,70.7,684,542,9,268,34,1105,1.28,28.0,numbeo
2015,Pamplona,Navarra,city_medium,210000,1998,1538,1459,1926,23106,757,1.037,-0.5,71.8,693,533,9,267,32,1093,1.33,26.7,numbeo
2016,Pamplona,Navarra,city_medium,210000,1949,1501,1423,1930,23156,764,1.01,-0.3,70.7,682,545,9,265,32,1103,1.29,28.0,numbeo
2017,Pamplona,Navarra,city_medium,210000,1958,1508,1429,1971,23647,826,0.993,2.0,71.7,707,543,9,276,34,1115,1.28,27.7,numbeo
2018,Pamplona,Navarra,city_medium,210000,2002,1542,1461,2001,24009,859,1.0,1.7,71.9,734,560,9,292,34,1150,1.27,28.0,numbeo
2019,Pamplona,Navarra,city_medium,210000,2130,1640,1555,2033,24395,1050,1.048,0.7,71.4,704,599,9,283,35,1181,1.32,28.1,numbeo
2020,Pamplona,Navarra,city_medium,210000,2131,1641,1556,2033,24395,1108,1.048,-0.3,71.9,729,571,9,280,33,1148,1.36,26.8,numbeo
2021,Pamplona,Navarra,city_medium,210000,2178,1677,1590,2097,25165,1108,1.039,3.1,72.2,709,593,10,296,35,1211,1.31,27.2,numbeo
2022,Pamplona,Navarra,city_medium,210000,2217,1707,1618,2171,26049,1167,1.021,8.4,73.2,796,652,10,314,38,1298,1.25,29.4,numbeo
2023,Pamplona,Navarra,city_medium,210000,2435,1875,1778,2338,28050,1260,1.041,3.5,73.2,819,661,11,324,39,1341,1.33,27.1,numbeo
2024,Pamplona,Navarra,city_medium,210000,2588,1993,1889,2500,30000,1323,1.035,2.8,73.4,814,713,11,337,40,1410,1.34,27.6,numbeo
2010,San Sebastián,País Vasco,city_medium,186000,2138,1646,1561,1899,22790,738,1.126,2.0,79.9,650,533,8,267,31,1067,1.46,24.9,numbeo
2011,San Sebastián,País Vasco,city_medium,186000,2111,1625,1541,1908,22899,748,1.106,3.0,79.3,685,542,9,270,30,1100,1.4,25.7,numbeo
2012,San Sebastián,País Vasco,city_medium,186000,2149,1655,1569,1894,22726,748,1.135,2.4,80.4,676,560,9,272,31,1123,1.4,26.1,numbeo
2013,San Sebastián,País Vasco,city_medium,186000,2059,1585,1503,1905,22858,752,1.081,1.5,80.4,695,559,9,276,32,1129,1.33,27.1,numbeo
2014,San Sebastián,País Vasco,city_medium,186000,2138,1646,1561,1905,22858,753,1.122,-0.2,80.8,692,545,9,268,32,1106,1.41,25.5,numbeo
2015,San Sebastián,País Vasco,city_medium,186000,2193,1689,1601,1926,23106,757,1.139,-0.5,80.3,719,531,9,274,32,1098,1.46,24.2,numbeo
2016,San Sebastián,País Vasco,city_medium,186000,2130,1640,1555,1930,23156,764,1.104,-0.3,81.1,682,560,9,270,33,1124,1.38,26.3,numbeo
2017,San Sebastián,País Vasco,city_medium,186000,2123,1635,1550,1971,23647,826,1.077,2.0,81.8,710,570,9,291,32,1155,1.34,26.8,numbeo
2018,San Sebastián,País Vasco,city_medium,186000,2168,1669,1583,2001,24009,859,1.083,1.7,81.1,716,596,9,283,33,1176,1.35,27.5,numbeo
2019,San Sebastián,País Vasco,city_medium,186000,2280,1756,1664,2033,24395,1050,1.121,0.7,81.7,683,580,9,289,33,1166,1.43,25.4,numbeo
2020,San Sebastián,País Vasco,city_medium,186000,2294,1766,1675,2033,24395,1108,1.128,-0.3,81.6,733,590,9,277,35,1166,1.44,25.7,numbeo
2021,San Sebastián,País Vasco,city_medium,186000,2286,1760,1669,2097,25165,1108,1.09,3.1,82.0,734,576,10,295,35,1193,1.4,25.2,numbeo
2022,San Sebastián,País Vasco,city_medium,186000,2440,1879,1781,2171,26049,1167,1.124,8.4,82.7,806,629,11,323,39,1305,1.36,25.8,numbeo
2023,San Sebastián,País Vasco,city_medium,186000,2652,2042,1936,2338,28050,1260,1.134,3.5,82.5,836,634,10,321,38,1290,1.5,23.9,numbeo
2024,San Sebastián,País Vasco,city_medium,186000,2738,2108,1999,2500,30000,1323,1.095,2.8,83.3,851,674,11,337,39,1370,1.46,24.6,numbeo
2010,Burgos,Castilla y León,city_small,175000,1712,1318,1250,1899,22790,738,0.902,2.0,51.7,541,448,8,240,26,950,1.32,26.2,ine_modeled
2011,Burgos,Castilla y León,city_small,175000,1683,1296,1229,1908,22899,748,0.882,3.0,51.5,525,433,7,240,28,919,1.34,25.7,ine_modeled
2012,Burgos,Castilla y León,city_small,175000,1748,1346,1276,1894,22726,748,0.923,2.4,51.8,562,458,8,260,28,986,1.29,26.2,ine_modeled
2013,Burgos,Castilla y León,city_small,175000,1655,1274,1208,1905,22858,752,0.869,1.5,51.3,586,447,8,258,28,975,1.24,27.0,ine_modeled
2014,Burgos,Castilla y León,city_small,175000,1701,1310,1242,1905,22858,753,0.893,-0.2,52.4,585,458,8,248,29,976,1.27,26.9,ine_modeled
2015,Burgos,Castilla y León,city_small,175000,1765,1359,1288,1926,23106,757,0.916,-0.5,52.1,585,433,8,256,29,959,1.34,24.5,ine_modeled
2016,Burgos,Castilla y León,city_small,175000,1683,1296,1229,1930,23156,764,0.872,-0.3,52.9,579,443,8,253,28,965,1.27,26.3,ine_modeled
2017,Burgos,Castilla y León,city_small,175000,1808,1392,1320,1971,23647,826,0.917,2.0,52.5,605,474,8,266,29,1011,1.31,26.2,ine_modeled
2018,Burgos,Castilla y León,city_small,175000,1778,1369,1298,2001,24009,859,0.889,1.7,53.1,594,453,8,258,29,984,1.32,25.5,ine_modeled
2019,Burgos,Castilla y León,city_small,175000,1771,1364,1293,2033,24395,1050,0.871,0.7,52.7,578,474,8,270,29,1017,1.27,26.8,ine_modeled
2020,Burgos,Castilla y León,city_small,175000,1799,1385,1313,2033,24395,1108,0.885,-0.3,53.6,617,479,8,275,30,1028,1.28,26.6,ine_modeled
2021,Burgos,Castilla y León,city_small,175000,1943,1496,1418,2097,25165,1108,0.927,3.1,54.0,629,467,9,268,31,1033,1.37,24.0,ine_modeled
2022,Burgos,Castilla y León,city_small,175000,2001,1541,1461,2171,26049,1167,0.922,8.4,53.8,670,526,9,291,33,1124,1.3,26.3,ine_modeled
2023,Burgos,Castilla y León,city_small,175000,2100,1617,1533,2338,28050,1260,0.898,3.5,53.8,707,523,10,301,35,1156,1.33,24.9,ine_modeled
2024,Burgos,Castilla y León,city_small,175000,2235,1721,1632,2500,30000,1323,0.894,2.8,54.4,688,532,10,321,36,1189,1.37,23.8,ine_modeled
2010,Albacete,Castilla-La Mancha,city_small,173000,1532,1180,1118,1899,22790,738,0.807,2.0,50.2,526,408,8,235,27,906,1.23,26.6,ine_modeled
2011,Albacete,Castilla-La Mancha,city_small,173000,1515,1167,1106,1908,22899,748,0.794,3.0,49.8,567,432,8,248,27,945,1.17,28.5,ine_modeled
2012,Albacete,Castilla-La Mancha,city_small,173000,1521,1171,1110,1894,22726,748,0.803,2.4,50.5,537,432,8,252,27,951,1.17,28.4,ine_modeled
2013,Albacete,Castilla-La Mancha,city_small,173000,1588,1223,1159,1905,22858,752,0.834,1.5,50.4,542,478,8,261,28,1009,1.15,30.1,ine_modeled
2014,Albacete,Castilla-La Mancha,city_small,173000,1568,1207,1145,1905,22858,753,0.823,-0.2,50.2,594,446,8,251,28,966,1.19,28.4,ine_modeled
2015,Albacete,Castilla-La Mancha,city_small,173000,1616,1244,1180,1926,23106,757,0.839,-0.5,50.3,561,445,8,250,29,965,1.22,27.5,ine_modeled
2016,Albacete,Castilla-La Mancha,city_small,173000,1599,1231,1167,1930,23156,764,0.828,-0.3,50.3,564,436,8,258,27,962,1.21,27.3,ine_modeled
2017,Albacete,Castilla-La Mancha,city_small,173000,1635,1259,1194,1971,23647,826,0.83,2.0,51.6,605,458,8,251,29,980,1.22,28.0,ine_modeled
2018,Albacete,Castilla-La Mancha,city_small,173000,1667,1284,1217,2001,24009,859,0.833,1.7,50.8,575,487,8,270,30,1031,1.18,29.2,ine_modeled
2019,Albacete,Castilla-La Mancha,city_small,173000,1626,1252,1187,2033,24395,1050,0.8,0.7,52.2,569,474,8,269,29,1016,1.17,29.2,ine_modeled
2020,Albacete,Castilla-La Mancha,city_small,173000,1698,1307,1240,2033,24395,1108,0.835,-0.3,51.9,568,467,9,273,28,1032,1.2,27.5,ine_modeled
2021,Albacete,Castilla-La Mancha,city_small,173000,1679,1293,1226,2097,25165,1108,0.801,3.1,52.2,612,480,9,269,29,1045,1.17,28.6,ine_modeled
2022,Albacete,Castilla-La Mancha,city_small,173000,1763,1358,1287,2171,26049,1167,0.812,8.4,51.4,661,532,9,303,33,1142,1.13,30.2,ine_modeled
2023,Albacete,Castilla-La Mancha,city_small,173000,1979,1524,1445,2338,28050,1260,0.846,3.5,52.4,667,546,10,312,33,1188,1.22,27.6,ine_modeled
2024,Albacete,Castilla-La Mancha,city_small,173000,2005,1544,1464,2500,30000,1323,0.802,2.8,52.9,732,560,10,315,35,1210,1.21,27.9,ine_modeled
2010,Castellón de la Plana,Comunidad Valenciana,city_small,170000,1646,1267,1202,1899,22790,738,0.867,2.0,51.6,559,445,7,247,27,935,1.29,27.0,ine_modeled
2011,Castellón de la Plana,Comunidad Valenciana,city_small,170000,1637,1260,1195,1908,22899,748,0.858,3.0,51.4,564,459,8,238,27,962,1.24,28.0,ine_modeled
2012,Castellón de la Plana,Comunidad Valenciana,city_small,170000,1616,1244,1180,1894,22726,748,0.853,2.4,50.7,538,463,8,256,28,987,1.2,28.7,ine_modeled
2013,Castellón de la Plana,Comunidad Valenciana,city_small,170000,1645,1267,1201,1905,22858,752,0.864,1.5,51.8,547,458,8,252,28,980,1.23,27.8,ine_modeled
2014,Castellón de la Plana,Comunidad Valenciana,city_small,170000,1659,1277,1211,1905,22858,753,0.871,-0.2,51.2,587,457,8,259,29,986,1.23,27.5,ine_modeled
2015,Castellón de la Plana,Comunidad Valenciana,city_small,170000,1700,1309,1241,1926,23106,757,0.883,-0.5,51.2,578,464,8,246,27,978,1.27,27.3,ine_modeled
2016,Castellón de la Plana,Comunidad Valenciana,city_small,170000,1677,1291,1224,1930,23156,764,0.869,-0.3,51.9,571,444,8,259,27,971,1.26,26.5,ine_modeled
2017,Castellón de la Plana,Comunidad Valenciana,city_small,170000,1748,1346,1276,1971,23647,826,0.887,2.0,52.5,557,482,8,265,29,1018,1.25,27.6,ine_modeled
2018,Castellón de la Plana,Comunidad Valenciana,city_small,170000,1711,1317,1249,2001,24009,859,0.855,1.7,51.8,603,458,9,270,28,1020,1.22,26.8,ine_modeled
2019,Castellón de la Plana,Comunidad Valenciana,city_small,170000,1821,1402,1329,2033,24395,1050,0.896,0.7,52.2,565,482,8,257,29,1012,1.31,26.5,ine_modeled
2020,Castellón de la Plana,Comunidad Valenciana,city_small,170000,1768,1361,1291,2033,24395,1108,0.87,-0.3,52.7,593,465,8,256,30,995,1.3,26.3,ine_modeled
2021,Castellón de la Plana,Comunidad Valenciana,city_small,170000,1873,1442,1367,2097,25165,1108,0.893,3.1,52.5,607,463,9,268,30,1028,1.33,24.7,ine_modeled
2022,Castellón de la Plana,Comunidad Valenciana,city_small,170000,1897,1461,1385,2171,26049,1167,0.874,8.4,52.6,686,545,9,306,34,1159,1.19,28.7,ine_modeled
2023,Castellón de la Plana,Comunidad Valenciana,city_small,170000,2051,1579,1497,2338,28050,1260,0.877,3.5,53.0,675,557,10,296,34,1184,1.26,27.2,ine_modeled
2024,Castellón de la Plana,Comunidad Valenciana,city_small,170000,2209,1701,1613,2500,30000,1323,0.884,2.8,54.0,678,577,10,326,34,1237,1.3,26.1,ine_modeled
2010,Logroño,La Rioja,city_small,153000,1727,1330,1261,1899,22790,738,0.909,2.0,51.5,552,419,8,231,26,912,1.38,24.3,ine_modeled
2011,Logroño,La Rioja,city_small,153000,1749,1347,1277,1908,22899,748,0.917,3.0,51.7,556,438,8,247,28,951,1.34,25.0,ine_modeled
2012,Logroño,La Rioja,city_small,153000,1694,1304,1237,1894,22726,748,0.894,2.4,52.7,577,439,8,251,28,958,1.29,25.9,ine_modeled
2013,Logroño,La Rioja,city_small,153000,1725,1328,1259,1905,22858,752,0.906,1.5,52.8,592,477,8,260,29,1008,1.25,27.7,ine_modeled
2014,Logroño,La Rioja,city_small,153000,1774,1366,1295,1905,22858,753,0.931,-0.2,51.9,571,444,8,247,30,962,1.35,25.0,ine_modeled
2015,Logroño,La Rioja,city_small,153000,1794,1381,1310,1926,23106,757,0.931,-0.5,52.1,591,472,8,259,28,1000,1.31,26.3,ine_modeled
2016,Logroño,La Rioja,city_small,153000,1833,1411,1338,1930,23156,764,0.95,-0.3,52.3,542,436,8,246,28,951,1.41,23.8,ine_modeled
2017,Logroño,La Rioja,city_small,153000,1806,1391,1318,1971,23647,826,0.916,2.0,53.7,561,450,8,266,29,987,1.34,24.9,ine_modeled
2018,Logroño,La Rioja,city_small,153000,1875,1444,1369,2001,24009,859,0.937,1.7,53.0,573,449,8,270,30,993,1.38,23.9,ine_modeled
2019,Logroño,La Rioja,city_small,153000,1832,1411,1337,2033,24395,1050,0.901,0.7,52.9,588,468,8,276,29,1017,1.31,25.5,ine_modeled
2020,Logroño,La Rioja,city_small,153000,1855,1428,1354,2033,24395,1108,0.912,-0.3,53.2,566,455,9,272,30,1021,1.33,24.5,ine_modeled
2021,Logroño,La Rioja,city_small,153000,1879,1447,1372,2097,25165,1108,0.896,3.1,54.2,596,466,8,270,30,1013,1.35,24.8,ine_modeled
2022,Logroño,La Rioja,city_small,153000,2038,1569,1488,2171,26049,1167,0.939,8.4,53.6,690,502,9,295,34,1105,1.35,24.6,ine_modeled
2023,Logroño,La Rioja,city_small,153000,2133,1642,1557,2338,28050,1260,0.912,3.5,54.1,702,525,9,315,35,1152,1.35,24.6,ine_modeled
2024,Logroño,La Rioja,city_small,153000,2265,1744,1653,2500,30000,1323,0.906,2.8,54.7,691,567,10,317,34,1218,1.36,25.0,ine_modeled
2010,Salamanca,Castilla y León,city_small,144000,1733,1334,1265,1899,22790,738,0.913,2.0,50.8,510,444,8,233,28,941,1.34,25.6,ine_modeled
2011,Salamanca,Castilla y León,city_small,144000,1744,1343,1273,1908,22899,748,0.914,3.0,51.4,524,438,8,249,28,953,1.34,25.1,ine_modeled
2012,Salamanca,Castilla y León,city_small,144000,1681,1294,1227,1894,22726,748,0.888,2.4,51.1,573,435,8,247,28,950,1.29,25.9,ine_modeled
2013,Salamanca,Castilla y León,city_small,144000,1750,1348,1278,1905,22858,752,0.919,1.5,51.3,578,445,8,255,29,971,1.32,25.4,ine_modeled
2014,Salamanca,Castilla y León,city_small,144000,1653,1273,1207,1905,22858,753,0.868,-0.2,51.8,549,442,8,257,29,969,1.25,26.7,ine_modeled
2015,Salamanca,Castilla y León,city_small,144000,1762,1357,1286,1926,23106,757,0.915,-0.5,52.7,595,466,8,256,28,991,1.3,26.4,ine_modeled
2016,Salamanca,Castilla y León,city_small,144000,1781,1371,1300,1930,23156,764,0.923,-0.3,52.4,559,438,8,249,29,957,1.36,24.6,ine_modeled
2017,Salamanca,Castilla y León,city_small,144000,1803,1388,1316,1971,23647,826,0.915,2.0,52.0,605,463,8,270,30,1005,1.31,25.7,ine_modeled
2018,Salamanca,Castilla y León,city_small,144000,1747,1345,1275,2001,24009,859,0.873,1.7,53.0,573,484,9,254,30,1032,1.24,27.7,ine_modeled
2019,Salamanca,Castilla y León,city_small,144000,1791,1379,1307,2033,24395,1050,0.881,0.7,53.4,608,465,9,273,29,1031,1.27,26.0,ine_modeled
2020,Salamanca,Castilla y León,city_small,144000,1840,1417,1343,2033,24395,1108,0.905,-0.3,53.5,600,490,8,269,30,1033,1.3,26.6,ine_modeled
2021,Salamanca,Castilla y León,city_small,144000,1896,1460,1384,2097,25165,1108,0.904,3.1,53.4,588,509,9,273,30,1079,1.28,26.8,ine_modeled
2022,Salamanca,Castilla y León,city_small,144000,1954,1505,1426,2171,26049,1167,0.9,8.4,52.9,640,512,9,284,34,1104,1.29,26.2,ine_modeled
2023,Salamanca,Castilla y León,city_small,144000,2064,1589,1507,2338,28050,1260,0.883,3.5,53.1,696,568,10,302,33,1200,1.26,27.5,ine_modeled
2024,Salamanca,Castilla y León,city_small,144000,2269,1747,1656,2500,30000,1323,0.908,2.8,54.4,719,579,10,327,35,1241,1.33,25.5,ine_modeled
2010,Badajoz,Extremadura,city_small,152000,1420,1093,1037,1899,22790,738,0.748,2.0,48.3,512,418,7,233,28,895,1.16,29.4,ine_modeled
2011,Badajoz,Extremadura,city_small,152000,1415,1090,1033,1908,22899,748,0.742,3.0,49.3,558,425,8,251,28,942,1.1,30.0,ine_modeled
2012,Badajoz,Extremadura,city_small,152000,1407,1083,1027,1894,22726,748,0.743,2.4,48.4,567,435,8,257,27,959,1.07,30.9,ine_modeled
2013,Badajoz,Extremadura,city_small,152000,1412,1087,1031,1905,22858,752,0.741,1.5,49.6,597,452,9,266,27,1007,1.02,32.0,ine_modeled
2014,Badajoz,Extremadura,city_small,152000,1402,1080,1023,1905,22858,753,0.736,-0.2,49.7,596,443,8,265,28,977,1.05,31.6,ine_modeled
2015,Badajoz,Extremadura,city_small,152000,1434,1104,1047,1926,23106,757,0.745,-0.5,48.9,594,438,8,247,29,955,1.1,30.5,ine_modeled
2016,Badajoz,Extremadura,city_small,152000,1429,1100,1043,1930,23156,764,0.74,-0.3,50.0,562,442,8,246,28,957,1.09,30.9,ine_modeled
2017,Badajoz,Extremadura,city_small,152000,1408,1084,1028,1971,23647,826,0.714,2.0,48.9,570,472,9,267,29,1030,1.0,33.5,ine_modeled
2018,Badajoz,Extremadura,city_small,152000,1460,1124,1066,2001,24009,859,0.73,1.7,49.9,563,468,9,267,30,1029,1.04,32.1,ine_modeled
2019,Badajoz,Extremadura,city_small,152000,1464,1127,1069,2033,24395,1050,0.72,0.7,49.4,611,463,8,275,29,1011,1.06,31.6,ine_modeled
2020,Badajoz,Extremadura,city_small,152000,1467,1130,1071,2033,24395,1108,0.722,-0.3,50.0,602,473,9,256,30,1023,1.05,32.2,ine_modeled
2021,Badajoz,Extremadura,city_small,152000,1564,1204,1142,2097,25165,1108,0.746,3.1,50.3,578,507,8,282,30,1066,1.07,32.4,ine_modeled
2022,Badajoz,Extremadura,city_small,152000,1565,1205,1142,2171,26049,1167,0.721,8.4,50.1,638,537,10,302,32,1165,0.98,34.3,ine_modeled
2023,Badajoz,Extremadura,city_small,152000,1710,1317,1248,2338,28050,1260,0.731,3.5,50.3,650,549,10,298,34,1178,1.06,32.1,ine_modeled
2024,Badajoz,Extremadura,city_small,152000,1851,1425,1351,2500,30000,1323,0.74,2.8,50.5,711,566,10,303,34,1203,1.12,30.6,ine_modeled
2010,Toledo,Castilla-La Mancha,city_small,84000,1514,1166,1105,1899,22790,738,0.797,2.0,49.4,552,418,8,240,27,921,1.2,27.6,ine_modeled
2011,Toledo,Castilla-La Mancha,city_small,84000,1502,1157,1096,1908,22899,748,0.787,3.0,50.2,532,456,8,246,27,967,1.13,30.4,ine_modeled
2012,Toledo,Castilla-La Mancha,city_small,84000,1534,1181,1120,1894,22726,748,0.81,2.4,49.9,549,430,8,257,27,954,1.17,28.0,ine_modeled
2013,Toledo,Castilla-La Mancha,city_small,84000,1532,1180,1118,1905,22858,752,0.804,1.5,50.5,598,461,8,264,29,996,1.12,30.1,ine_modeled
2014,Toledo,Castilla-La Mancha,city_small,84000,1543,1188,1126,1905,22858,753,0.81,-0.2,50.7,591,455,8,256,28,980,1.15,29.5,ine_modeled
2015,Toledo,Castilla-La Mancha,city_small,84000,1615,1244,1179,1926,23106,757,0.839,-0.5,51.1,567,472,8,259,29,1001,1.18,29.2,ine_modeled
2016,Toledo,Castilla-La Mancha,city_small,84000,1535,1182,1121,1930,23156,764,0.795,-0.3,51.3,547,474,8,261,27,1003,1.12,30.9,ine_modeled
2017,Toledo,Castilla-La Mancha,city_small,84000,1604,1235,1171,1971,23647,826,0.814,2.0,51.8,573,484,8,266,28,1020,1.15,30.2,ine_modeled
2018,Toledo,Castilla-La Mancha,city_small,84000,1687,1299,1232,2001,24009,859,0.843,1.7,51.9,561,464,8,260,29,997,1.24,27.5,ine_modeled
2019,Toledo,Castilla-La Mancha,city_small,84000,1664,1281,1215,2033,24395,1050,0.818,0.7,52.0,607,478,8,264,29,1015,1.2,28.7,ine_modeled
2020,Toledo,Castilla-La Mancha,city_small,84000,1631,1256,1191,2033,24395,1108,0.802,-0.3,51.8,604,492,9,266,28,1050,1.13,30.2,ine_modeled
2021,Toledo,Castilla-La Mancha,city_small,84000,1701,1310,1242,2097,25165,1108,0.811,3.1,51.9,597,481,9,273,31,1052,1.18,28.3,ine_modeled
2022,Toledo,Castilla-La Mancha,city_small,84000,1733,1334,1265,2171,26049,1167,0.798,8.4,51.7,634,532,10,285,34,1145,1.1,30.7,ine_modeled
2023,Toledo,Castilla-La Mancha,city_small,84000,1909,1470,1394,2338,28050,1260,0.817,3.5,51.8,698,568,10,295,35,1195,1.17,29.8,ine_modeled
2024,Toledo,Castilla-La Mancha,city_small,84000,2041,1572,1490,2500,30000,1323,0.816,2.8,52.1,699,571,10,324,34,1229,1.21,28.0,ine_modeled
2010,Huelva,Andalucía,city_small,150000,1533,1180,1119,1899,22790,738,0.807,2.0,49.4,551,417,8,243,26,922,1.21,27.2,ine_modeled
2011,Huelva,Andalucía,city_small,150000,1463,1127,1068,1908,22899,748,0.767,3.0,50.1,563,451,8,254,27,970,1.1,30.8,ine_modeled
2012,Huelva,Andalucía,city_small,150000,1449,1116,1058,1894,22726,748,0.765,2.4,49.5,563,434,8,261,27,962,1.1,30.0,ine_modeled
2013,Huelva,Andalucía,city_small,150000,1464,1127,1069,1905,22858,752,0.769,1.5,50.4,590,445,8,266,29,982,1.09,30.4,ine_modeled
2014,Huelva,Andalucía,city_small,150000,1475,1136,1077,1905,22858,753,0.774,-0.2,50.6,570,462,8,247,28,978,1.1,31.3,ine_modeled
2015,Huelva,Andalucía,city_small,150000,1527,1176,1115,1926,23106,757,0.793,-0.5,49.8,588,457,8,248,29,975,1.14,29.9,ine_modeled
2016,Huelva,Andalucía,city_small,150000,1550,1194,1132,1930,23156,764,0.803,-0.3,50.7,553,447,8,256,29,973,1.16,28.8,ine_modeled
2017,Huelva,Andalucía,city_small,150000,1597,1230,1166,1971,23647,826,0.81,2.0,50.9,587,451,8,249,29,971,1.2,28.2,ine_modeled
2018,Huelva,Andalucía,city_small,150000,1614,1243,1178,2001,24009,859,0.807,1.7,50.1,610,476,8,253,29,1002,1.18,29.5,ine_modeled
2019,Huelva,Andalucía,city_small,150000,1647,1268,1202,2033,24395,1050,0.81,0.7,50.7,618,479,8,263,29,1015,1.18,29.1,ine_modeled
2020,Huelva,Andalucía,city_small,150000,1587,1222,1159,2033,24395,1108,0.781,-0.3,51.1,599,486,8,256,29,1015,1.14,30.6,ine_modeled
2021,Huelva,Andalucía,city_small,150000,1688,1300,1232,2097,25165,1108,0.805,3.1,51.8,599,493,9,269,29,1058,1.16,29.2,ine_modeled
2022,Huelva,Andalucía,city_small,150000,1678,1292,1225,2171,26049,1167,0.773,8.4,52.2,667,545,9,301,34,1154,1.06,32.5,ine_modeled
2023,Huelva,Andalucía,city_small,150000,1841,1418,1344,2338,28050,1260,0.787,3.5,51.2,699,567,10,314,34,1212,1.11,30.8,ine_modeled
2024,Huelva,Andalucía,city_small,150000,2022,1557,1476,2500,30000,1323,0.809,2.8,52.1,715,569,10,309,35,1213,1.22,28.1,ine_modeled
2010,Lleida,Cataluña,city_small,140000,1998,1538,1459,1899,22790,738,1.052,2.0,53.8,544,430,7,244,26,916,1.59,21.5,ine_modeled
2011,Lleida,Cataluña,city_small,140000,2033,1565,1484,1908,22899,748,1.066,3.0,55.1,572,447,8,254,28,967,1.53,22.0,ine_modeled
2012,Lleida,Cataluña,city_small,140000,2071,1595,1512,1894,22726,748,1.093,2.4,54.4,540,433,8,259,29,961,1.57,20.9,ine_modeled
2013,Lleida,Cataluña,city_small,140000,1990,1532,1453,1905,22858,752,1.045,1.5,55.3,562,438,8,262,28,970,1.5,22.0,ine_modeled
2014,Lleida,Cataluña,city_small,140000,2081,1602,1519,1905,22858,753,1.092,-0.2,55.1,556,446,8,256,29,972,1.56,21.4,ine_modeled
2015,Lleida,Cataluña,city_small,140000,2080,1602,1518,1926,23106,757,1.08,-0.5,56.1,543,471,8,263,28,1003,1.51,22.6,ine_modeled
2016,Lleida,Cataluña,city_small,140000,2048,1577,1495,1930,23156,764,1.061,-0.3,55.1,585,436,8,253,28,958,1.56,21.3,ine_modeled
2017,Lleida,Cataluña,city_small,140000,2187,1684,1597,1971,23647,826,1.11,2.0,55.9,566,471,8,259,29,1001,1.6,21.5,ine_modeled
2018,Lleida,Cataluña,city_small,140000,2115,1629,1544,2001,24009,859,1.057,1.7,56.3,557,458,9,257,30,1009,1.53,21.7,ine_modeled
2019,Lleida,Cataluña,city_small,140000,2202,1696,1607,2033,24395,1050,1.083,0.7,56.7,566,478,9,264,31,1037,1.55,21.7,ine_modeled
2020,Lleida,Cataluña,city_small,140000,2191,1687,1599,2033,24395,1108,1.078,-0.3,55.9,571,465,8,261,30,1000,1.6,21.2,ine_modeled
2021,Lleida,Cataluña,city_small,140000,2235,1721,1632,2097,25165,1108,1.066,3.1,57.0,615,473,9,270,29,1039,1.57,21.2,ine_modeled
2022,Lleida,Cataluña,city_small,140000,2352,1811,1717,2171,26049,1167,1.083,8.4,57.1,636,543,9,291,33,1141,1.5,23.1,ine_modeled
2023,Lleida,Cataluña,city_small,140000,2577,1984,1881,2338,28050,1260,1.102,3.5,57.0,707,572,10,316,34,1219,1.54,22.2,ine_modeled
2024,Lleida,Cataluña,city_small,140000,2684,2067,1959,2500,30000,1323,1.074,2.8,58.0,729,555,10,321,34,1210,1.62,20.7,ine_modeled
2010,Tarragona,Cataluña,city_small,132000,2046,1575,1494,1899,22790,738,1.077,2.0,54.6,516,421,8,231,27,915,1.63,20.6,ine_modeled
2011,Tarragona,Cataluña,city_small,132000,1993,1535,1455,1908,22899,748,1.045,3.0,54.7,525,461,8,250,26,975,1.49,23.1,ine_modeled
2012,Tarragona,Cataluña,city_small,132000,2045,1575,1493,1894,22726,748,1.08,2.4,54.8,556,452,8,246,29,967,1.54,22.1,ine_modeled
2013,Tarragona,Cataluña,city_small,132000,2053,1581,1499,1905,22858,752,1.078,1.5,54.8,580,464,8,259,28,993,1.51,22.6,ine_modeled
2014,Tarragona,Cataluña,city_small,132000,2087,1607,1524,1905,22858,753,1.096,-0.2,54.7,582,438,8,248,28,955,1.6,21.0,ine_modeled
2015,Tarragona,Cataluña,city_small,132000,2024,1558,1478,1926,23106,757,1.051,-0.5,55.2,568,440,8,251,27,959,1.54,21.7,ine_modeled
2016,Tarragona,Cataluña,city_small,132000,2076,1599,1515,1930,23156,764,1.076,-0.3,55.3,590,445,8,258,29,973,1.56,21.4,ine_modeled
2017,Tarragona,Cataluña,city_small,132000,2176,1676,1588,1971,23647,826,1.104,2.0,56.2,556,442,8,264,28,976,1.63,20.3,ine_modeled
2018,Tarragona,Cataluña,city_small,132000,2127,1638,1553,2001,24009,859,1.063,1.7,55.8,615,460,8,255,29,988,1.57,21.6,ine_modeled
2019,Tarragona,Cataluña,city_small,132000,2133,1642,1557,2033,24395,1050,1.049,0.7,56.1,608,464,9,257,30,1015,1.53,21.8,ine_modeled
2020,Tarragona,Cataluña,city_small,132000,2139,1647,1561,2033,24395,1108,1.052,-0.3,57.1,598,455,8,264,30,993,1.57,21.3,ine_modeled
2021,Tarragona,Cataluña,city_small,132000,2345,1806,1712,2097,25165,1108,1.118,3.1,56.2,626,470,9,283,30,1050,1.63,20.0,ine_modeled
2022,Tarragona,Cataluña,city_small,132000,2352,1811,1717,2171,26049,1167,1.083,8.4,57.5,678,534,10,287,33,1148,1.5,22.7,ine_modeled
2023,Tarragona,Cataluña,city_small,132000,2480,1910,1810,2338,28050,1260,1.061,3.5,57.8,658,540,10,314,35,1186,1.53,21.8,ine_modeled
2024,Tarragona,Cataluña,city_small,132000,2682,2065,1958,2500,30000,1323,1.073,2.8,57.3,690,534,10,324,36,1194,1.64,19.9,ine_modeled
2010,Jaén,Andalucía,city_small,113000,1445,1113,1055,1899,22790,738,0.761,2.0,50.0,513,423,7,235,26,900,1.17,29.3,ine_modeled
2011,Jaén,Andalucía,city_small,113000,1514,1166,1105,1908,22899,748,0.794,3.0,49.9,564,443,8,257,28,966,1.14,29.3,ine_modeled
2012,Jaén,Andalucía,city_small,113000,1468,1130,1072,1894,22726,748,0.775,2.4,49.8,574,432,8,248,28,948,1.13,29.4,ine_modeled
2013,Jaén,Andalucía,city_small,113000,1514,1166,1105,1905,22858,752,0.795,1.5,49.8,590,459,9,248,29,998,1.11,30.3,ine_modeled
2014,Jaén,Andalucía,city_small,113000,1462,1126,1067,1905,22858,753,0.767,-0.2,50.6,590,473,8,256,28,998,1.07,32.4,ine_modeled
2015,Jaén,Andalucía,city_small,113000,1567,1207,1144,1926,23106,757,0.814,-0.5,49.7,551,460,8,250,28,979,1.17,29.4,ine_modeled
2016,Jaén,Andalucía,city_small,113000,1555,1197,1135,1930,23156,764,0.806,-0.3,50.4,585,450,8,254,29,974,1.17,28.9,ine_modeled
2017,Jaén,Andalucía,city_small,113000,1515,1167,1106,1971,23647,826,0.769,2.0,50.5,580,438,8,262,29,971,1.14,28.9,ine_modeled
2018,Jaén,Andalucía,city_small,113000,1563,1204,1141,2001,24009,859,0.781,1.7,50.8,569,477,9,261,28,1030,1.11,30.5,ine_modeled
2019,Jaén,Andalucía,city_small,113000,1581,1217,1154,2033,24395,1050,0.778,0.7,50.9,594,478,8,269,30,1021,1.13,30.2,ine_modeled
2020,Jaén,Andalucía,city_small,113000,1572,1210,1148,2033,24395,1108,0.773,-0.3,51.5,572,463,9,275,29,1031,1.11,29.5,ine_modeled
2021,Jaén,Andalucía,city_small,113000,1671,1287,1220,2097,25165,1108,0.797,3.1,51.6,579,469,8,278,31,1025,1.19,28.1,ine_modeled
2022,Jaén,Andalucía,city_small,113000,1683,1296,1229,2171,26049,1167,0.775,8.4,51.7,637,549,9,295,34,1152,1.07,32.6,ine_modeled
2023,Jaén,Andalucía,city_small,113000,1895,1459,1383,2338,28050,1260,0.811,3.5,51.1,675,568,10,309,35,1209,1.14,30.0,ine_modeled
2024,Jaén,Andalucía,city_small,113000,1993,1535,1455,2500,30000,1323,0.797,2.8,52.1,732,540,10,316,34,1190,1.22,27.1,ine_modeled
2010,Almería,Andalucía,city_small,196000,1529,1177,1116,1899,22790,738,0.805,2.0,49.9,532,427,8,234,27,924,1.21,27.9,ine_modeled
2011,Almería,Andalucía,city_small,196000,1517,1168,1107,1908,22899,748,0.795,3.0,49.1,543,444,8,247,27,956,1.16,29.3,ine_modeled
2012,Almería,Andalucía,city_small,196000,1534,1181,1120,1894,22726,748,0.81,2.4,50.4,577,440,8,263,28,971,1.15,28.7,ine_modeled
2013,Almería,Andalucía,city_small,196000,1457,1122,1064,1905,22858,752,0.765,1.5,49.8,582,468,8,261,29,1000,1.06,32.1,ine_modeled
2014,Almería,Andalucía,city_small,196000,1521,1171,1110,1905,22858,753,0.798,-0.2,50.7,577,442,8,252,28,963,1.15,29.1,ine_modeled
2015,Almería,Andalucía,city_small,196000,1536,1183,1121,1926,23106,757,0.798,-0.5,51.0,575,474,8,259,28,1002,1.12,30.9,ine_modeled
2016,Almería,Andalucía,city_small,196000,1482,1141,1082,1930,23156,764,0.768,-0.3,50.3,564,455,8,253,29,978,1.11,30.7,ine_modeled
2017,Almería,Andalucía,city_small,196000,1595,1228,1164,1971,23647,826,0.809,2.0,50.3,597,475,8,250,28,995,1.17,29.8,ine_modeled
2018,Almería,Andalucía,city_small,196000,1603,1234,1170,2001,24009,859,0.801,1.7,50.4,601,453,8,259,30,986,1.19,28.3,ine_modeled
2019,Almería,Andalucía,city_small,196000,1634,1258,1193,2033,24395,1050,0.804,0.7,50.7,605,450,9,257,30,1001,1.19,27.5,ine_modeled
2020,Almería,Andalucía,city_small,196000,1642,1264,1199,2033,24395,1108,0.808,-0.3,51.7,603,474,8,271,30,1019,1.18,28.9,ine_modeled
2021,Almería,Andalucía,city_small,196000,1644,1266,1200,2097,25165,1108,0.784,3.1,51.6,633,480,9,284,30,1061,1.13,29.2,ine_modeled
2022,Almería,Andalucía,city_small,196000,1737,1337,1268,2171,26049,1167,0.8,8.4,50.8,642,533,10,305,34,1166,1.09,30.7,ine_modeled
2023,Almería,Andalucía,city_small,196000,1921,1479,1402,2338,28050,1260,0.822,3.5,52.0,691,559,10,309,35,1200,1.17,29.1,ine_modeled
2024,Almería,Andalucía,city_small,196000,2064,1589,1507,2500,30000,1323,0.826,2.8,51.6,677,570,10,307,35,1212,1.24,27.6,ine_modeled
2010,León,Castilla y León,city_small,128000,1681,1294,1227,1899,22790,738,0.885,2.0,51.3,536,411,8,235,26,908,1.35,24.4,ine_modeled
2011,León,Castilla y León,city_small,128000,1730,1332,1263,1908,22899,748,0.907,3.0,51.1,530,432,7,256,28,934,1.35,25.0,ine_modeled
2012,León,Castilla y León,city_small,128000,1713,1319,1250,1894,22726,748,0.904,2.4,51.8,567,444,8,249,27,960,1.3,25.9,ine_modeled
2013,León,Castilla y León,city_small,128000,1667,1284,1217,1905,22858,752,0.875,1.5,51.3,571,453,8,249,28,972,1.25,27.2,ine_modeled
2014,León,Castilla y León,city_small,128000,1672,1287,1221,1905,22858,753,0.878,-0.2,51.9,562,443,8,257,30,971,1.26,26.5,ine_modeled
2015,León,Castilla y León,city_small,128000,1765,1359,1288,1926,23106,757,0.916,-0.5,52.9,539,461,8,263,29,994,1.3,26.1,ine_modeled
2016,León,Castilla y León,city_small,128000,1745,1344,1274,1930,23156,764,0.904,-0.3,53.1,576,444,8,263,28,976,1.31,25.4,ine_modeled
2017,León,Castilla y León,city_small,128000,1774,1366,1295,1971,23647,826,0.9,2.0,52.3,600,476,8,266,29,1013,1.28,26.8,ine_modeled
2018,León,Castilla y León,city_small,128000,1740,1340,1270,2001,24009,859,0.87,1.7,53.3,568,470,9,257,30,1021,1.24,27.0,ine_modeled
2019,León,Castilla y León,city_small,128000,1832,1411,1337,2033,24395,1050,0.901,0.7,52.2,565,480,9,273,29,1046,1.28,26.2,ine_modeled
2020,León,Castilla y León,city_small,128000,1778,1369,1298,2033,24395,1108,0.875,-0.3,53.2,601,493,9,268,30,1055,1.23,27.7,ine_modeled
2021,León,Castilla y León,city_small,128000,1920,1478,1402,2097,25165,1108,0.916,3.1,52.8,604,477,8,263,31,1018,1.38,24.8,ine_modeled
2022,León,Castilla y León,city_small,128000,1964,1512,1434,2171,26049,1167,0.905,8.4,53.5,640,514,9,299,33,1120,1.28,26.2,ine_modeled
2023,León,Castilla y León,city_small,128000,2036,1568,1486,2338,28050,1260,0.871,3.5,53.8,683,552,10,313,34,1196,1.24,27.1,ine_modeled
2024,León,Castilla y León,city_small,128000,2287,1761,1670,2500,30000,1323,0.915,2.8,53.2,730,538,10,310,34,1182,1.41,23.5,ine_modeled
2010,Cádiz,Andalucía,city_small,118000,1511,1163,1103,1899,22790,738,0.796,2.0,49.4,528,434,8,241,26,937,1.18,28.7,ine_modeled
2011,Cádiz,Andalucía,city_small,118000,1482,1141,1082,1908,22899,748,0.777,3.0,50.0,552,460,8,251,28,977,1.11,31.0,ine_modeled
2012,Cádiz,Andalucía,city_small,118000,1515,1167,1106,1894,22726,748,0.8,2.4,50.1,555,470,8,254,27,991,1.12,31.0,ine_modeled
2013,Cádiz,Andalucía,city_small,118000,1444,1112,1054,1905,22858,752,0.758,1.5,50.1,573,477,8,262,29,1010,1.04,33.0,ine_modeled
2014,Cádiz,Andalucía,city_small,118000,1482,1141,1082,1905,22858,753,0.778,-0.2,50.0,578,456,8,251,29,977,1.11,30.8,ine_modeled
2015,Cádiz,Andalucía,city_small,118000,1485,1143,1084,1926,23106,757,0.771,-0.5,49.9,584,470,8,264,29,1004,1.08,31.6,ine_modeled
2016,Cádiz,Andalucía,city_small,118000,1519,1170,1109,1930,23156,764,0.787,-0.3,50.5,553,433,8,259,28,961,1.15,28.5,ine_modeled
2017,Cádiz,Andalucía,city_small,118000,1540,1186,1124,1971,23647,826,0.781,2.0,50.1,586,443,8,268,28,981,1.15,28.8,ine_modeled
2018,Cádiz,Andalucía,city_small,118000,1579,1216,1153,2001,24009,859,0.789,1.7,51.0,575,473,8,261,29,1007,1.14,30.0,ine_modeled
2019,Cádiz,Andalucía,city_small,118000,1604,1235,1171,2033,24395,1050,0.789,0.7,50.3,575,459,9,264,30,1017,1.15,28.6,ine_modeled
2020,Cádiz,Andalucía,city_small,118000,1574,1212,1149,2033,24395,1108,0.774,-0.3,51.5,611,469,8,261,30,1004,1.14,29.8,ine_modeled
2021,Cádiz,Andalucía,city_small,118000,1631,1256,1191,2097,25165,1108,0.778,3.1,51.5,628,503,8,274,30,1054,1.13,30.8,ine_modeled
2022,Cádiz,Andalucía,city_small,118000,1777,1368,1297,2171,26049,1167,0.819,8.4,50.9,630,501,9,285,33,1093,1.19,28.2,ine_modeled
2023,Cádiz,Andalucía,city_small,118000,1854,1428,1353,2338,28050,1260,0.793,3.5,51.8,709,548,10,319,34,1198,1.13,29.6,ine_modeled
2024,Cádiz,Andalucía,city_small,118000,2038,1569,1488,2500,30000,1323,0.815,2.8,51.7,681,575,10,310,35,1220,1.22,28.2,ine_modeled
2010,Jerez de la Frontera,Andalucía,city_medium,213000,1596,1229,1165,1899,22790,738,0.84,2.0,57.0,648,526,9,265,31,1078,1.08,33.0,ine_modeled
2011,Jerez de la Frontera,Andalucía,city_medium,213000,1568,1207,1145,1908,22899,748,0.822,3.0,57.3,663,516,9,270,33,1077,1.06,32.9,ine_modeled
2012,Jerez de la Frontera,Andalucía,city_medium,213000,1623,1250,1185,1894,22726,748,0.857,2.4,57.5,673,531,9,264,32,1087,1.09,32.7,ine_modeled
2013,Jerez de la Frontera,Andalucía,city_medium,213000,1557,1199,1137,1905,22858,752,0.817,1.5,57.3,722,547,9,276,31,1116,1.02,35.1,ine_modeled
2014,Jerez de la Frontera,Andalucía,city_medium,213000,1665,1282,1215,1905,22858,753,0.874,-0.2,57.7,706,555,9,284,32,1132,1.07,33.3,ine_modeled
2015,Jerez de la Frontera,Andalucía,city_medium,213000,1637,1260,1195,1926,23106,757,0.85,-0.5,57.6,699,543,9,283,32,1119,1.07,33.2,ine_modeled
2016,Jerez de la Frontera,Andalucía,city_medium,213000,1624,1250,1186,1930,23156,764,0.841,-0.3,58.9,687,541,9,274,32,1108,1.07,33.3,ine_modeled
2017,Jerez de la Frontera,Andalucía,city_medium,213000,1688,1300,1232,1971,23647,826,0.856,2.0,58.5,675,541,9,283,32,1118,1.1,32.0,ine_modeled
2018,Jerez de la Frontera,Andalucía,city_medium,213000,1666,1283,1216,2001,24009,859,0.833,1.7,58.5,727,548,9,292,34,1138,1.07,32.9,ine_modeled
2019,Jerez de la Frontera,Andalucía,city_medium,213000,1732,1334,1264,2033,24395,1050,0.852,0.7,58.9,696,554,10,276,33,1147,1.1,32.0,ine_modeled
2020,Jerez de la Frontera,Andalucía,city_medium,213000,1746,1344,1275,2033,24395,1108,0.859,-0.3,58.6,724,546,9,276,33,1119,1.14,31.3,ine_modeled
2021,Jerez de la Frontera,Andalucía,city_medium,213000,1754,1351,1280,2097,25165,1108,0.836,3.1,59.9,744,593,9,300,35,1195,1.07,33.8,ine_modeled
2022,Jerez de la Frontera,Andalucía,city_medium,213000,1833,1411,1338,2171,26049,1167,0.844,8.4,58.9,795,671,11,311,39,1335,1.0,36.6,ine_modeled
2023,Jerez de la Frontera,Andalucía,city_medium,213000,2022,1557,1476,2338,28050,1260,0.865,3.5,60.1,853,640,11,325,40,1322,1.12,31.7,ine_modeled
2024,Jerez de la Frontera,Andalucía,city_medium,213000,2126,1637,1552,2500,30000,1323,0.85,2.8,59.8,858,662,11,329,39,1350,1.15,31.1,ine_modeled
2010,Getafe,Madrid,city_medium,185000,2414,1859,1762,1899,22790,738,1.271,2.0,64.8,642,500,8,259,31,1026,1.72,20.7,ine_modeled
2011,Getafe,Madrid,city_medium,185000,2295,1767,1675,1908,22899,748,1.203,3.0,65.5,667,513,9,259,32,1062,1.58,22.4,ine_modeled
2012,Getafe,Madrid,city_medium,185000,2413,1858,1761,1894,22726,748,1.274,2.4,65.9,702,555,9,270,31,1116,1.58,23.0,ine_modeled
2013,Getafe,Madrid,city_medium,185000,2383,1835,1740,1905,22858,752,1.251,1.5,65.2,714,571,9,279,33,1145,1.52,24.0,ine_modeled
2014,Getafe,Madrid,city_medium,185000,2428,1870,1772,1905,22858,753,1.275,-0.2,66.1,664,533,9,271,33,1098,1.61,22.0,ine_modeled
2015,Getafe,Madrid,city_medium,185000,2379,1832,1737,1926,23106,757,1.235,-0.5,66.6,682,534,9,282,33,1110,1.56,22.4,ine_modeled
2016,Getafe,Madrid,city_medium,185000,2361,1818,1724,1930,23156,764,1.223,-0.3,65.6,697,559,9,272,31,1123,1.54,23.7,ine_modeled
2017,Getafe,Madrid,city_medium,185000,2510,1933,1832,1971,23647,826,1.273,2.0,66.2,725,556,9,275,33,1126,1.63,22.2,ine_modeled
2018,Getafe,Madrid,city_medium,185000,2572,1980,1878,2001,24009,859,1.285,1.7,66.7,732,569,9,286,33,1152,1.63,22.1,ine_modeled
2019,Getafe,Madrid,city_medium,185000,2538,1954,1853,2033,24395,1050,1.248,0.7,66.9,732,587,10,290,34,1195,1.55,23.1,ine_modeled
2020,Getafe,Madrid,city_medium,185000,2569,1978,1875,2033,24395,1108,1.264,-0.3,67.6,691,556,9,282,34,1136,1.65,21.6,ine_modeled
2021,Getafe,Madrid,city_medium,185000,2703,2081,1973,2097,25165,1108,1.289,3.1,67.9,712,617,9,285,34,1203,1.64,22.8,ine_modeled
2022,Getafe,Madrid,city_medium,185000,2849,2194,2080,2171,26049,1167,1.312,8.4,67.7,764,621,10,308,37,1260,1.65,21.8,ine_modeled
2023,Getafe,Madrid,city_medium,185000,3087,2377,2254,2338,28050,1260,1.32,3.5,68.2,829,675,11,343,40,1375,1.64,21.9,ine_modeled
2024,Getafe,Madrid,city_medium,185000,3231,2488,2359,2500,30000,1323,1.292,2.8,68.3,825,691,11,334,39,1384,1.7,21.4,ine_modeled
2010,Hospitalet de Llobregat,Cataluña,city_medium,255000,2180,1679,1591,1899,22790,738,1.148,2.0,62.9,630,501,8,254,29,1020,1.56,23.0,ine_modeled
2011,Hospitalet de Llobregat,Cataluña,city_medium,255000,2128,1639,1553,1908,22899,748,1.115,3.0,63.8,686,526,9,269,31,1084,1.43,24.7,ine_modeled
2012,Hospitalet de Llobregat,Cataluña,city_medium,255000,2206,1699,1610,1894,22726,748,1.165,2.4,62.8,655,535,9,282,32,1109,1.45,24.3,ine_modeled
2013,Hospitalet de Llobregat,Cataluña,city_medium,255000,2259,1739,1649,1905,22858,752,1.186,1.5,63.3,701,538,9,279,32,1111,1.48,23.8,ine_modeled
2014,Hospitalet de Llobregat,Cataluña,city_medium,255000,2179,1678,1591,1905,22858,753,1.144,-0.2,63.3,662,542,9,283,34,1120,1.42,24.9,ine_modeled
2015,Hospitalet de Llobregat,Cataluña,city_medium,255000,2282,1757,1666,1926,23106,757,1.185,-0.5,64.6,694,561,9,277,33,1132,1.47,24.6,ine_modeled
2016,Hospitalet de Llobregat,Cataluña,city_medium,255000,2274,1751,1660,1930,23156,764,1.178,-0.3,65.0,684,547,9,264,31,1103,1.5,24.1,ine_modeled
2017,Hospitalet de Llobregat,Cataluña,city_medium,255000,2217,1707,1618,1971,23647,826,1.125,2.0,64.8,735,570,9,276,34,1142,1.42,25.7,ine_modeled
2018,Hospitalet de Llobregat,Cataluña,city_medium,255000,2330,1794,1701,2001,24009,859,1.164,1.7,64.2,736,555,9,289,34,1142,1.49,23.8,ine_modeled
2019,Hospitalet de Llobregat,Cataluña,city_medium,255000,2300,1771,1679,2033,24395,1050,1.131,0.7,65.7,715,565,10,281,35,1165,1.44,24.6,ine_modeled
2020,Hospitalet de Llobregat,Cataluña,city_medium,255000,2406,1853,1756,2033,24395,1108,1.183,-0.3,65.9,715,555,9,294,33,1146,1.53,23.1,ine_modeled
2021,Hospitalet de Llobregat,Cataluña,city_medium,255000,2405,1852,1756,2097,25165,1108,1.147,3.1,65.2,746,569,9,305,35,1176,1.49,23.7,ine_modeled
2022,Hospitalet de Llobregat,Cataluña,city_medium,255000,2579,1986,1883,2171,26049,1167,1.188,8.4,66.0,820,642,10,319,38,1293,1.46,24.9,ine_modeled
2023,Hospitalet de Llobregat,Cataluña,city_medium,255000,2751,2118,2008,2338,28050,1260,1.177,3.5,66.8,860,686,11,344,40,1387,1.45,24.9,ine_modeled
2024,Hospitalet de Llobregat,Cataluña,city_medium,255000,2905,2237,2121,2500,30000,1323,1.162,2.8,65.9,857,650,11,339,40,1349,1.57,22.4,ine_modeled
2010,Badalona,Cataluña,city_medium,216000,2165,1667,1580,1899,22790,738,1.14,2.0,62.8,660,501,9,263,30,1050,1.5,23.1,ine_modeled
2011,Badalona,Cataluña,city_medium,216000,2209,1701,1613,1908,22899,748,1.158,3.0,62.5,648,538,8,269,31,1076,1.5,24.4,ine_modeled
2012,Badalona,Cataluña,city_medium,216000,2177,1676,1589,1894,22726,748,1.149,2.4,63.0,681,553,9,273,31,1117,1.42,25.4,ine_modeled
2013,Badalona,Cataluña,city_medium,216000,2219,1709,1620,1905,22858,752,1.165,1.5,63.5,718,542,9,269,33,1106,1.46,24.4,ine_modeled
2014,Badalona,Cataluña,city_medium,216000,2152,1657,1571,1905,22858,753,1.13,-0.2,63.3,676,539,9,274,32,1106,1.42,25.0,ine_modeled
2015,Badalona,Cataluña,city_medium,216000,2295,1767,1675,1926,23106,757,1.192,-0.5,63.6,709,533,9,286,33,1113,1.5,23.2,ine_modeled
2016,Badalona,Cataluña,city_medium,216000,2236,1722,1632,1930,23156,764,1.159,-0.3,64.7,706,538,9,276,32,1107,1.47,24.1,ine_modeled
2017,Badalona,Cataluña,city_medium,216000,2317,1784,1691,1971,23647,826,1.176,2.0,64.0,722,559,9,279,33,1133,1.49,24.1,ine_modeled
2018,Badalona,Cataluña,city_medium,216000,2304,1774,1682,2001,24009,859,1.151,1.7,64.9,743,556,9,276,34,1130,1.49,24.1,ine_modeled
2019,Badalona,Cataluña,city_medium,216000,2447,1884,1786,2033,24395,1050,1.204,0.7,64.7,722,582,9,293,33,1172,1.52,23.8,ine_modeled
2020,Badalona,Cataluña,city_medium,216000,2405,1852,1756,2033,24395,1108,1.183,-0.3,65.3,732,594,9,281,34,1173,1.5,24.7,ine_modeled
2021,Badalona,Cataluña,city_medium,216000,2395,1844,1748,2097,25165,1108,1.142,3.1,65.1,760,580,10,296,36,1199,1.46,24.2,ine_modeled
2022,Badalona,Cataluña,city_medium,216000,2473,1904,1805,2171,26049,1167,1.139,8.4,65.4,777,627,10,314,38,1273,1.42,25.4,ine_modeled
2023,Badalona,Cataluña,city_medium,216000,2708,2085,1977,2338,28050,1260,1.158,3.5,66.0,857,652,11,343,39,1351,1.46,24.1,ine_modeled
2024,Badalona,Cataluña,city_medium,216000,2885,2221,2106,2500,30000,1323,1.154,2.8,65.7,869,691,11,345,39,1395,1.51,24.0,ine_modeled
2010,Sabadell,Cataluña,city_medium,215000,2114,1628,1543,1899,22790,738,1.113,2.0,62.3,619,538,8,249,30,1053,1.47,25.4,ine_modeled
2011,Sabadell,Cataluña,city_medium,215000,2221,1710,1621,1908,22899,748,1.164,3.0,62.6,651,515,9,275,31,1079,1.5,23.2,ine_modeled
2012,Sabadell,Cataluña,city_medium,215000,2132,1642,1556,1894,22726,748,1.126,2.4,63.1,692,526,9,263,33,1082,1.44,24.7,ine_modeled
2013,Sabadell,Cataluña,city_medium,215000,2243,1727,1637,1905,22858,752,1.177,1.5,63.4,692,581,9,272,32,1147,1.43,25.9,ine_modeled
2014,Sabadell,Cataluña,city_medium,215000,2266,1745,1654,1905,22858,753,1.19,-0.2,64.2,670,559,9,280,33,1133,1.46,24.7,ine_modeled
2015,Sabadell,Cataluña,city_medium,215000,2227,1715,1626,1926,23106,757,1.156,-0.5,64.3,675,542,9,282,32,1117,1.46,24.3,ine_modeled
2016,Sabadell,Cataluña,city_medium,215000,2212,1703,1615,1930,23156,764,1.146,-0.3,64.0,673,522,9,282,32,1097,1.47,23.6,ine_modeled
2017,Sabadell,Cataluña,city_medium,215000,2281,1756,1665,1971,23647,826,1.157,2.0,63.9,730,585,9,269,33,1149,1.45,25.6,ine_modeled
2018,Sabadell,Cataluña,city_medium,215000,2293,1766,1674,2001,24009,859,1.146,1.7,64.5,677,562,9,286,33,1145,1.46,24.5,ine_modeled
2019,Sabadell,Cataluña,city_medium,215000,2314,1782,1689,2033,24395,1050,1.138,0.7,65.4,709,567,9,285,33,1149,1.47,24.5,ine_modeled
2020,Sabadell,Cataluña,city_medium,215000,2420,1863,1767,2033,24395,1108,1.19,-0.3,65.9,737,582,9,291,34,1171,1.51,24.0,ine_modeled
2021,Sabadell,Cataluña,city_medium,215000,2442,1880,1783,2097,25165,1108,1.165,3.1,66.1,714,577,10,298,34,1196,1.49,23.6,ine_modeled
2022,Sabadell,Cataluña,city_medium,215000,2571,1980,1877,2171,26049,1167,1.184,8.4,65.4,760,610,10,312,36,1252,1.5,23.7,ine_modeled
2023,Sabadell,Cataluña,city_medium,215000,2708,2085,1977,2338,28050,1260,1.158,3.5,66.4,846,644,10,331,38,1310,1.51,23.8,ine_modeled
2024,Sabadell,Cataluña,city_medium,215000,2911,2241,2125,2500,30000,1323,1.164,2.8,66.7,892,678,11,335,41,1374,1.55,23.3,ine_modeled
2010,Terrassa,Cataluña,city_medium,218000,2233,1719,1630,1899,22790,738,1.176,2.0,62.3,665,496,8,253,31,1016,1.6,22.2,ine_modeled
2011,Terrassa,Cataluña,city_medium,218000,2229,1716,1627,1908,22899,748,1.168,3.0,63.6,642,548,8,273,31,1090,1.49,24.6,ine_modeled
2012,Terrassa,Cataluña,city_medium,218000,2206,1699,1610,1894,22726,748,1.165,2.4,62.7,680,561,9,284,32,1137,1.42,25.4,ine_modeled
2013,Terrassa,Cataluña,city_medium,218000,2216,1706,1618,1905,22858,752,1.163,1.5,63.4,681,562,9,287,33,1144,1.41,25.4,ine_modeled
2014,Terrassa,Cataluña,city_medium,218000,2156,1660,1574,1905,22858,753,1.132,-0.2,64.1,671,575,9,271,32,1139,1.38,26.7,ine_modeled
2015,Terrassa,Cataluña,city_medium,218000,2244,1728,1638,1926,23106,757,1.165,-0.5,63.9,666,538,9,282,31,1112,1.47,24.0,ine_modeled
2016,Terrassa,Cataluña,city_medium,218000,2162,1665,1578,1930,23156,764,1.12,-0.3,64.8,685,554,9,266,31,1112,1.42,25.6,ine_modeled
2017,Terrassa,Cataluña,city_medium,218000,2221,1710,1621,1971,23647,826,1.127,2.0,64.8,730,588,9,270,33,1153,1.41,26.5,ine_modeled
2018,Terrassa,Cataluña,city_medium,218000,2360,1817,1723,2001,24009,859,1.179,1.7,65.3,685,554,10,291,34,1163,1.48,23.5,ine_modeled
2019,Terrassa,Cataluña,city_medium,218000,2421,1864,1767,2033,24395,1050,1.191,0.7,65.0,695,584,9,278,35,1161,1.52,24.1,ine_modeled
2020,Terrassa,Cataluña,city_medium,218000,2373,1827,1732,2033,24395,1108,1.167,-0.3,65.3,700,583,9,279,33,1159,1.49,24.6,ine_modeled
2021,Terrassa,Cataluña,city_medium,218000,2496,1922,1822,2097,25165,1108,1.19,3.1,65.3,761,614,10,285,34,1220,1.49,24.6,ine_modeled
2022,Terrassa,Cataluña,city_medium,218000,2513,1935,1834,2171,26049,1167,1.158,8.4,65.5,788,607,10,316,37,1254,1.46,24.2,ine_modeled
2023,Terrassa,Cataluña,city_medium,218000,2659,2047,1941,2338,28050,1260,1.137,3.5,66.6,850,644,11,335,39,1335,1.45,24.2,ine_modeled
2024,Terrassa,Cataluña,city_medium,218000,2927,2254,2137,2500,30000,1323,1.171,2.8,66.4,850,683,11,335,40,1378,1.55,23.3,ine_modeled
2010,Alcalá de Henares,Madrid,city_medium,196000,2291,1764,1672,1899,22790,738,1.206,2.0,64.9,620,535,8,267,30,1068,1.57,23.4,ine_modeled
2011,Alcalá de Henares,Madrid,city_medium,196000,2369,1824,1729,1908,22899,748,1.242,3.0,64.5,672,552,9,267,32,1109,1.56,23.3,ine_modeled
2012,Alcalá de Henares,Madrid,city_medium,196000,2319,1786,1693,1894,22726,748,1.224,2.4,65.1,690,523,9,267,32,1082,1.56,22.6,ine_modeled
2013,Alcalá de Henares,Madrid,city_medium,196000,2443,1881,1783,1905,22858,752,1.282,1.5,65.0,714,530,9,287,32,1111,1.6,21.7,ine_modeled
2014,Alcalá de Henares,Madrid,city_medium,196000,2362,1819,1724,1905,22858,753,1.24,-0.2,66.1,714,541,9,267,32,1101,1.57,22.9,ine_modeled
2015,Alcalá de Henares,Madrid,city_medium,196000,2491,1918,1818,1926,23106,757,1.293,-0.5,66.7,661,563,9,269,32,1125,1.62,22.6,ine_modeled
2016,Alcalá de Henares,Madrid,city_medium,196000,2384,1836,1740,1930,23156,764,1.235,-0.3,66.5,664,563,9,266,33,1123,1.55,23.6,ine_modeled
2017,Alcalá de Henares,Madrid,city_medium,196000,2459,1893,1795,1971,23647,826,1.248,2.0,66.5,712,582,9,273,33,1150,1.56,23.7,ine_modeled
2018,Alcalá de Henares,Madrid,city_medium,196000,2498,1923,1824,2001,24009,859,1.248,1.7,66.4,747,566,9,281,35,1146,1.59,22.7,ine_modeled
2019,Alcalá de Henares,Madrid,city_medium,196000,2542,1957,1856,2033,24395,1050,1.25,0.7,66.9,736,570,9,289,34,1157,1.6,22.4,ine_modeled
2020,Alcalá de Henares,Madrid,city_medium,196000,2527,1946,1845,2033,24395,1108,1.243,-0.3,67.7,745,558,10,285,33,1160,1.59,22.1,ine_modeled
2021,Alcalá de Henares,Madrid,city_medium,196000,2708,2085,1977,2097,25165,1108,1.291,3.1,68.3,744,591,10,290,34,1202,1.64,21.8,ine_modeled
2022,Alcalá de Henares,Madrid,city_medium,196000,2713,2089,1980,2171,26049,1167,1.25,8.4,68.3,761,660,11,314,38,1326,1.49,24.3,ine_modeled
2023,Alcalá de Henares,Madrid,city_medium,196000,2998,2308,2189,2338,28050,1260,1.282,3.5,68.7,798,631,11,321,38,1307,1.67,21.0,ine_modeled
2024,Alcalá de Henares,Madrid,city_medium,196000,3218,2478,2349,2500,30000,1323,1.287,2.8,68.0,876,652,11,351,41,1364,1.72,20.3,ine_modeled
2010,Cartagena,Murcia,city_medium,216000,1620,1247,1183,1899,22790,738,0.853,2.0,57.5,626,535,9,261,31,1083,1.09,33.0,ine_modeled
2011,Cartagena,Murcia,city_medium,216000,1616,1244,1180,1908,22899,748,0.847,3.0,57.0,682,538,8,257,32,1065,1.11,33.3,ine_modeled
2012,Cartagena,Murcia,city_medium,216000,1579,1216,1153,1894,22726,748,0.834,2.4,58.0,677,567,9,267,33,1127,1.02,35.9,ine_modeled
2013,Cartagena,Murcia,city_medium,216000,1620,1247,1183,1905,22858,752,0.85,1.5,57.0,713,548,9,267,33,1110,1.07,33.8,ine_modeled
2014,Cartagena,Murcia,city_medium,216000,1572,1210,1148,1905,22858,753,0.825,-0.2,57.9,673,529,9,274,32,1096,1.05,33.7,ine_modeled
2015,Cartagena,Murcia,city_medium,216000,1642,1264,1199,1926,23106,757,0.853,-0.5,58.1,669,539,9,267,31,1098,1.09,32.8,ine_modeled
2016,Cartagena,Murcia,city_medium,216000,1646,1267,1202,1930,23156,764,0.853,-0.3,57.7,679,526,9,281,31,1099,1.09,32.0,ine_modeled
2017,Cartagena,Murcia,city_medium,216000,1633,1257,1192,1971,23647,826,0.829,2.0,58.6,699,569,9,283,34,1148,1.04,34.8,ine_modeled
2018,Cartagena,Murcia,city_medium,216000,1673,1288,1221,2001,24009,859,0.836,1.7,58.1,732,560,10,275,34,1153,1.06,33.5,ine_modeled
2019,Cartagena,Murcia,city_medium,216000,1725,1328,1259,2033,24395,1050,0.848,0.7,58.7,704,579,9,282,35,1160,1.09,33.6,ine_modeled
2020,Cartagena,Murcia,city_medium,216000,1751,1348,1278,2033,24395,1108,0.861,-0.3,59.8,711,552,9,293,33,1142,1.12,31.5,ine_modeled
2021,Cartagena,Murcia,city_medium,216000,1779,1370,1299,2097,25165,1108,0.848,3.1,59.7,763,567,9,305,36,1175,1.11,31.9,ine_modeled
2022,Cartagena,Murcia,city_medium,216000,1909,1470,1394,2171,26049,1167,0.879,8.4,59.9,760,651,10,318,36,1299,1.07,34.1,ine_modeled
2023,Cartagena,Murcia,city_medium,216000,1966,1514,1435,2338,28050,1260,0.841,3.5,59.8,802,663,10,330,40,1330,1.08,33.7,ine_modeled
2024,Cartagena,Murcia,city_medium,216000,2096,1614,1530,2500,30000,1323,0.838,2.8,60.2,809,686,11,328,39,1373,1.11,32.7,ine_modeled
2010,Elche,Comunidad Valenciana,city_medium,228000,1739,1339,1269,1899,22790,738,0.916,2.0,59.3,655,495,9,249,30,1030,1.23,28.5,ine_modeled
2011,Elche,Comunidad Valenciana,city_medium,228000,1749,1347,1277,1908,22899,748,0.917,3.0,59.5,678,553,8,275,32,1098,1.16,31.6,ine_modeled
2012,Elche,Comunidad Valenciana,city_medium,228000,1734,1335,1266,1894,22726,748,0.916,2.4,59.1,716,525,9,281,32,1098,1.15,30.3,ine_modeled
2013,Elche,Comunidad Valenciana,city_medium,228000,1741,1341,1271,1905,22858,752,0.914,1.5,59.5,690,578,9,272,33,1145,1.11,33.2,ine_modeled
2014,Elche,Comunidad Valenciana,city_medium,228000,1762,1357,1286,1905,22858,753,0.925,-0.2,59.5,668,545,9,280,32,1118,1.15,30.9,ine_modeled
2015,Elche,Comunidad Valenciana,city_medium,228000,1865,1436,1361,1926,23106,757,0.968,-0.5,59.9,710,558,9,284,33,1136,1.2,29.9,ine_modeled
2016,Elche,Comunidad Valenciana,city_medium,228000,1752,1349,1279,1930,23156,764,0.908,-0.3,60.1,671,530,9,278,31,1100,1.16,30.3,ine_modeled
2017,Elche,Comunidad Valenciana,city_medium,228000,1837,1414,1341,1971,23647,826,0.932,2.0,60.9,708,567,9,274,32,1135,1.18,30.9,ine_modeled
2018,Elche,Comunidad Valenciana,city_medium,228000,1946,1498,1421,2001,24009,859,0.973,1.7,61.1,700,572,9,277,34,1147,1.24,29.4,ine_modeled
2019,Elche,Comunidad Valenciana,city_medium,228000,1957,1507,1429,2033,24395,1050,0.963,0.7,61.2,703,585,9,278,35,1162,1.23,29.9,ine_modeled
2020,Elche,Comunidad Valenciana,city_medium,228000,1984,1528,1448,2033,24395,1108,0.976,-0.3,60.4,746,596,9,287,35,1182,1.23,30.0,ine_modeled
2021,Elche,Comunidad Valenciana,city_medium,228000,1930,1486,1409,2097,25165,1108,0.92,3.1,60.8,765,603,10,304,34,1228,1.15,31.2,ine_modeled
2022,Elche,Comunidad Valenciana,city_medium,228000,2043,1573,1491,2171,26049,1167,0.941,8.4,61.2,834,664,11,314,38,1330,1.12,32.5,ine_modeled
2023,Elche,Comunidad Valenciana,city_medium,228000,2157,1661,1575,2338,28050,1260,0.923,3.5,61.1,849,669,10,333,38,1337,1.18,31.0,ine_modeled
2024,Elche,Comunidad Valenciana,city_medium,228000,2330,1794,1701,2500,30000,1323,0.932,2.8,62.0,838,693,11,340,40,1393,1.22,29.7,ine_modeled
2010,Mérida,Extremadura,city_small,62000,1398,1076,1021,1899,22790,738,0.736,2.0,48.3,552,426,7,234,26,902,1.13,30.5,ine_modeled
2011,Mérida,Extremadura,city_small,62000,1412,1087,1031,1908,22899,748,0.74,3.0,47.9,537,436,8,257,28,959,1.08,30.9,ine_modeled
2012,Mérida,Extremadura,city_small,62000,1337,1029,976,1894,22726,748,0.706,2.4,49.4,590,467,8,250,28,985,0.99,34.9,ine_modeled
2013,Mérida,Extremadura,city_small,62000,1365,1051,996,1905,22858,752,0.717,1.5,48.8,545,467,8,253,29,991,1.01,34.2,ine_modeled
2014,Mérida,Extremadura,city_small,62000,1416,1090,1034,1905,22858,753,0.743,-0.2,49.2,571,473,8,257,28,999,1.04,33.4,ine_modeled
2015,Mérida,Extremadura,city_small,62000,1442,1110,1053,1926,23106,757,0.749,-0.5,48.6,595,454,8,260,28,983,1.07,31.5,ine_modeled
2016,Mérida,Extremadura,city_small,62000,1417,1091,1034,1930,23156,764,0.734,-0.3,49.6,540,443,8,250,29,963,1.07,31.3,ine_modeled
2017,Mérida,Extremadura,city_small,62000,1444,1112,1054,1971,23647,826,0.733,2.0,49.5,583,441,8,252,30,965,1.09,30.5,ine_modeled
2018,Mérida,Extremadura,city_small,62000,1468,1130,1072,2001,24009,859,0.734,1.7,50.1,564,482,9,268,28,1042,1.03,32.8,ine_modeled
2019,Mérida,Extremadura,city_small,62000,1490,1147,1088,2033,24395,1050,0.733,0.7,49.9,571,477,9,259,29,1029,1.06,32.0,ine_modeled
2020,Mérida,Extremadura,city_small,62000,1475,1136,1077,2033,24395,1108,0.726,-0.3,50.4,613,485,9,257,29,1035,1.04,32.9,ine_modeled
2021,Mérida,Extremadura,city_small,62000,1546,1190,1129,2097,25165,1108,0.737,3.1,50.1,608,480,9,273,31,1051,1.07,31.0,ine_modeled
2022,Mérida,Extremadura,city_small,62000,1596,1229,1165,2171,26049,1167,0.735,8.4,50.3,676,548,9,300,32,1154,1.01,34.3,ine_modeled
2023,Mérida,Extremadura,city_small,62000,1781,1371,1300,2338,28050,1260,0.762,3.5,50.2,695,540,10,313,34,1184,1.1,30.3,ine_modeled
2024,Mérida,Extremadura,city_small,62000,1876,1445,1369,2500,30000,1323,0.75,2.8,50.3,674,543,10,309,35,1187,1.15,28.9,ine_modeled
2010,Cáceres,Extremadura,city_small,96000,1412,1087,1031,1899,22790,738,0.744,2.0,48.5,507,443,7,242,27,928,1.11,31.4,ine_modeled
2011,Cáceres,Extremadura,city_small,96000,1378,1061,1006,1908,22899,748,0.722,3.0,48.0,555,428,8,250,28,944,1.07,31.1,ine_modeled
2012,Cáceres,Extremadura,city_small,96000,1410,1086,1029,1894,22726,748,0.744,2.4,48.1,543,457,8,260,29,986,1.04,32.4,ine_modeled
2013,Cáceres,Extremadura,city_small,96000,1422,1095,1038,1905,22858,752,0.746,1.5,48.7,595,436,8,250,29,957,1.08,30.7,ine_modeled
2014,Cáceres,Extremadura,city_small,96000,1403,1080,1024,1905,22858,753,0.736,-0.2,49.4,575,469,8,255,29,994,1.03,33.4,ine_modeled
2015,Cáceres,Extremadura,city_small,96000,1452,1118,1060,1926,23106,757,0.754,-0.5,48.7,556,448,8,246,28,963,1.1,30.9,ine_modeled
2016,Cáceres,Extremadura,city_small,96000,1420,1093,1037,1930,23156,764,0.736,-0.3,49.2,545,461,8,255,28,985,1.05,32.5,ine_modeled
2017,Cáceres,Extremadura,city_small,96000,1468,1130,1072,1971,23647,826,0.745,2.0,49.8,554,472,8,270,29,1013,1.06,32.2,ine_modeled
2018,Cáceres,Extremadura,city_small,96000,1492,1149,1089,2001,24009,859,0.746,1.7,50.4,615,459,8,260,29,992,1.1,30.8,ine_modeled
2019,Cáceres,Extremadura,city_small,96000,1551,1194,1132,2033,24395,1050,0.763,0.7,49.8,569,475,8,269,30,1018,1.11,30.6,ine_modeled
2020,Cáceres,Extremadura,city_small,96000,1468,1130,1072,2033,24395,1108,0.722,-0.3,50.3,601,494,8,255,30,1023,1.05,33.7,ine_modeled
2021,Cáceres,Extremadura,city_small,96000,1510,1163,1102,2097,25165,1108,0.72,3.1,50.8,625,510,9,269,30,1076,1.02,33.8,ine_modeled
2022,Cáceres,Extremadura,city_small,96000,1625,1251,1186,2171,26049,1167,0.749,8.4,49.8,638,515,10,292,33,1134,1.05,31.7,ine_modeled
2023,Cáceres,Extremadura,city_small,96000,1715,1321,1252,2338,28050,1260,0.734,3.5,49.9,694,536,10,309,33,1175,1.07,31.3,ine_modeled
2024,Cáceres,Extremadura,city_small,96000,1818,1400,1327,2500,30000,1323,0.727,2.8,50.6,689,570,10,322,35,1227,1.08,31.4,ine_modeled
2010,Lugo,Galicia,city_small,98000,1587,1222,1159,1899,22790,738,0.836,2.0,50.6,554,428,7,245,26,915,1.27,27.0,ine_modeled
2011,Lugo,Galicia,city_small,98000,1627,1253,1188,1908,22899,748,0.853,3.0,51.1,538,449,8,248,27,962,1.23,27.6,ine_modeled
2012,Lugo,Galicia,city_small,98000,1611,1240,1176,1894,22726,748,0.851,2.4,51.2,584,443,8,249,27,959,1.23,27.5,ine_modeled
2013,Lugo,Galicia,city_small,98000,1656,1275,1209,1905,22858,752,0.869,1.5,51.1,590,460,8,259,29,990,1.22,27.8,ine_modeled
2014,Lugo,Galicia,city_small,98000,1633,1257,1192,1905,22858,753,0.857,-0.2,51.4,559,434,8,256,28,959,1.24,26.6,ine_modeled
2015,Lugo,Galicia,city_small,98000,1619,1247,1182,1926,23106,757,0.841,-0.5,51.9,551,445,8,261,29,976,1.21,27.5,ine_modeled
2016,Lugo,Galicia,city_small,98000,1678,1292,1225,1930,23156,764,0.869,-0.3,51.4,538,451,8,248,29,969,1.26,26.9,ine_modeled
2017,Lugo,Galicia,city_small,98000,1695,1305,1237,1971,23647,826,0.86,2.0,51.7,592,445,9,266,30,1003,1.23,26.3,ine_modeled
2018,Lugo,Galicia,city_small,98000,1717,1322,1253,2001,24009,859,0.858,1.7,51.3,600,467,9,264,28,1023,1.22,27.2,ine_modeled
2019,Lugo,Galicia,city_small,98000,1778,1369,1298,2033,24395,1050,0.875,0.7,52.3,596,453,8,256,30,983,1.32,25.5,ine_modeled
2020,Lugo,Galicia,city_small,98000,1748,1346,1276,2033,24395,1108,0.86,-0.3,51.9,593,462,9,261,29,1016,1.26,26.4,ine_modeled
2021,Lugo,Galicia,city_small,98000,1758,1354,1283,2097,25165,1108,0.838,3.1,52.1,603,467,8,268,29,1011,1.27,26.6,ine_modeled
2022,Lugo,Galicia,city_small,98000,1868,1438,1364,2171,26049,1167,0.86,8.4,52.6,639,518,9,288,33,1113,1.23,27.7,ine_modeled
2023,Lugo,Galicia,city_small,98000,1967,1515,1436,2338,28050,1260,0.841,3.5,52.4,652,551,10,305,33,1186,1.21,28.0,ine_modeled
2024,Lugo,Galicia,city_small,98000,2135,1644,1559,2500,30000,1323,0.854,2.8,53.1,672,535,10,307,35,1177,1.32,25.1,ine_modeled
2010,Pontevedra,Galicia,city_small,83000,1600,1232,1168,1899,22790,738,0.843,2.0,50.9,544,432,7,246,27,921,1.27,27.0,ine_modeled
2011,Pontevedra,Galicia,city_small,83000,1619,1247,1182,1908,22899,748,0.849,3.0,50.7,575,451,8,240,28,957,1.24,27.9,ine_modeled
2012,Pontevedra,Galicia,city_small,83000,1637,1260,1195,1894,22726,748,0.864,2.4,50.7,560,458,8,252,28,978,1.22,28.0,ine_modeled
2013,Pontevedra,Galicia,city_small,83000,1571,1210,1147,1905,22858,752,0.825,1.5,51.5,578,476,8,261,29,1008,1.14,30.3,ine_modeled
2014,Pontevedra,Galicia,city_small,83000,1637,1260,1195,1905,22858,753,0.859,-0.2,51.7,567,434,8,253,28,956,1.25,26.5,ine_modeled
2015,Pontevedra,Galicia,city_small,83000,1587,1222,1159,1926,23106,757,0.824,-0.5,51.7,573,437,8,262,29,969,1.2,27.5,ine_modeled
2016,Pontevedra,Galicia,city_small,83000,1611,1240,1176,1930,23156,764,0.835,-0.3,51.7,582,454,8,253,29,977,1.2,28.2,ine_modeled
2017,Pontevedra,Galicia,city_small,83000,1674,1289,1222,1971,23647,826,0.849,2.0,52.3,570,454,8,261,29,986,1.24,27.1,ine_modeled
2018,Pontevedra,Galicia,city_small,83000,1688,1300,1232,2001,24009,859,0.844,1.7,52.2,589,457,9,255,30,1006,1.22,27.1,ine_modeled
2019,Pontevedra,Galicia,city_small,83000,1735,1336,1267,2033,24395,1050,0.853,0.7,52.0,596,471,8,273,29,1017,1.25,27.1,ine_modeled
2020,Pontevedra,Galicia,city_small,83000,1784,1374,1302,2033,24395,1108,0.878,-0.3,51.6,566,486,9,262,29,1041,1.25,27.2,ine_modeled
2021,Pontevedra,Galicia,city_small,83000,1806,1391,1318,2097,25165,1108,0.861,3.1,51.8,626,504,9,276,29,1076,1.22,27.9,ine_modeled
2022,Pontevedra,Galicia,city_small,83000,1806,1391,1318,2171,26049,1167,0.832,8.4,52.1,660,521,9,289,33,1117,1.18,28.8,ine_modeled
2023,Pontevedra,Galicia,city_small,83000,1972,1518,1440,2338,28050,1260,0.843,3.5,52.8,709,534,10,305,35,1171,1.23,27.1,ine_modeled
2024,Pontevedra,Galicia,city_small,83000,2116,1629,1545,2500,30000,1323,0.846,2.8,52.3,666,587,10,306,34,1227,1.26,27.7,ine_modeled
